n,dist,rho,sk,alpha_F
250,beta,-1,1,39.077121689028814
250,beta,-1,1,38.894167269067665
250,beta,-1,1,42.30411357938324
250,beta,-1,1,43.15368194335125
250,beta,-1,1,42.501609906027646
250,beta,-1,1,46.297211289035786
250,beta,-1,1,39.62840831321829
250,beta,-1,1,43.1620158861655
250,beta,-1,1,38.948290804975564
250,beta,-1,1,45.654749510810454
250,beta,-1,1,38.631376132748244
250,beta,-1,1,43.76183769703738
250,beta,-1,1,51.92348677175385
250,beta,-1,1,42.831089716666845
250,beta,-1,1,41.204407366660185
250,beta,-1,1,32.119746749914256
250,beta,-1,1,39.992932074261915
250,beta,-1,1,40.17035123706275
250,beta,-1,1,42.01421929552634
250,beta,-1,1,41.67045609932207
250,beta,-1,1,39.507617688858254
250,beta,-1,1,38.32845872524348
250,beta,-1,1,43.79923387012087
250,beta,-1,1,45.11451193897353
250,beta,-1,1,34.41811922809088
250,beta,-1,1,47.88349390124798
250,beta,-1,1,45.47478254160712
250,beta,-1,1,38.72258306564392
250,beta,-1,1,38.63775517099146
250,beta,-1,1,39.17701873903774
250,beta,-1,1,42.70413836334812
250,beta,-1,1,39.71766156372462
250,beta,-1,1,30.187388251214927
250,beta,-1,1,44.63187263485911
250,beta,-1,1,37.32053354739635
250,beta,-1,1,45.17097848169773
250,beta,-1,1,33.60744370208072
250,beta,-1,1,53.97147302146042
250,beta,-1,1,35.04337527872614
250,beta,-1,1,42.01740136109244
250,beta,-1,1,43.47860983370929
250,beta,-1,1,28.592322687304957
250,beta,-1,1,49.412089847459875
250,beta,-1,1,43.261639695853496
250,beta,-1,1,53.22748122859196
250,beta,-1,1,38.64474563293415
250,beta,-1,1,35.677813537752336
250,beta,-1,1,49.713087342101794
250,beta,-1,1,56.237137298466656
250,beta,-1,1,40.633003954567045
250,beta,-1,1,34.8803981403963
250,beta,-1,1,55.08341978300865
250,beta,-1,1,37.1083245676743
250,beta,-1,1,38.946952366129906
250,beta,-1,1,43.80732178718221
250,beta,-1,1,44.06374126860393
250,beta,-1,1,38.322766144890885
250,beta,-1,1,49.001105394847734
250,beta,-1,1,46.21353499559243
250,beta,-1,1,38.096237006419166
250,beta,-1,1,43.229305855032514
250,beta,-1,1,38.67682747807816
250,beta,-1,1,43.63838630566303
250,beta,-1,1,43.11489018995653
250,beta,-1,1,39.62907138268171
250,beta,-1,1,35.18434941036927
250,beta,-1,1,42.10993734740646
250,beta,-1,1,35.69615775455908
250,beta,-1,1,47.07418510299175
250,beta,-1,1,31.481615393357025
250,beta,-1,1,43.75773370987787
250,beta,-1,1,44.17060760773979
250,beta,-1,1,44.439981946483876
250,beta,-1,1,48.43165686163055
250,beta,-1,1,43.48623304500105
250,beta,-1,1,41.83018955061825
250,beta,-1,1,37.96464363974496
250,beta,-1,1,31.63906544688805
250,beta,-1,1,41.10792455704354
250,beta,-1,1,50.240583710954226
250,beta,-1,1,47.63334370509561
250,beta,-1,1,39.33253155091621
250,beta,-1,1,37.803462281527175
250,beta,-1,1,49.50819068590078
250,beta,-1,1,41.53946280126301
250,beta,-1,1,37.62896919346017
250,beta,-1,1,40.97868814345087
250,beta,-1,1,39.62364804755252
250,beta,-1,1,41.77274738511239
250,beta,-1,1,46.650494938302934
250,beta,-1,1,52.03561488654149
250,beta,-1,1,58.34664500685544
250,beta,-1,1,31.008886800330316
250,beta,-1,1,49.20683897353919
250,beta,-1,1,35.50144247548765
250,beta,-1,1,43.202617095918924
250,beta,-1,1,40.52567015418692
250,beta,-1,1,36.364889670428354
250,beta,-1,1,39.141470554025446
250,beta,-1,1,38.482813375484845
250,beta,-1,1,39.628704027938795
250,beta,-1,1,36.794106612402885
250,beta,-1,1,38.081704962848434
250,beta,-1,1,31.044641822422378
250,beta,-1,1,37.183355847551496
250,beta,-1,1,47.32837481612308
250,beta,-1,1,45.30198461988527
250,beta,-1,1,39.414953013548825
250,beta,-1,1,44.76781977468096
250,beta,-1,1,51.15588602290813
250,beta,-1,1,52.468301908585225
250,beta,-1,1,49.352825507556005
250,beta,-1,1,42.575666222674386
250,beta,-1,1,43.16476672967322
250,beta,-1,1,48.31537509750578
250,beta,-1,1,37.39282118897324
250,beta,-1,1,34.14951257634961
250,beta,-1,1,54.607124582009924
250,beta,-1,1,41.28666755779017
250,beta,-1,1,37.067129038695164
250,beta,-1,1,43.4569785699333
250,beta,-1,1,55.919406902548076
250,beta,-1,1,39.40446266042994
250,beta,-1,1,53.32064776110936
250,beta,-1,1,32.311155188221704
250,beta,-1,1,32.24563206770167
250,beta,-1,1,49.81368280784159
250,beta,-1,1,45.80496254647436
250,beta,-1,1,37.01218093707709
250,beta,-1,1,44.295049054122664
250,beta,-1,1,41.84414476953366
250,beta,-1,1,38.08582711915198
250,beta,-1,1,46.50555373220972
250,beta,-1,1,44.03623678856932
250,beta,-1,1,52.092228991600216
250,beta,-1,1,36.57128139723224
250,beta,-1,1,40.89218236743234
250,beta,-1,1,44.954228571874054
250,beta,-1,1,40.06976964094955
250,beta,-1,1,52.02896319429707
250,beta,-1,1,37.79144613529936
250,beta,-1,1,40.91830795183189
250,beta,-1,1,56.453114780189175
250,beta,-1,1,55.621472956559636
250,beta,-1,1,36.48916448297767
250,beta,-1,1,48.55205815287225
250,beta,-1,1,40.70615503011079
250,beta,-1,1,42.168194070263795
250,beta,-1,1,38.576823474086346
250,beta,-1,1,48.71311579664727
250,beta,-1,1,31.285151108639436
250,beta,-1,1,49.060389281740925
250,beta,-1,1,46.07073241309252
250,beta,-1,1,42.33562522196893
250,beta,-1,1,34.07623510497427
250,beta,-1,1,32.66730572349727
250,beta,-1,1,39.80137650054692
250,beta,-1,1,37.886437929058125
250,beta,-1,1,33.85272091596614
250,beta,-1,1,43.67633185354274
250,beta,-1,1,31.16875095294938
250,beta,-1,1,37.73232154426265
250,beta,-1,1,41.10981931252522
250,beta,-1,1,39.62557973044641
250,beta,-1,1,49.07338478940275
250,beta,-1,1,58.375594677226424
250,beta,-1,1,32.2630990630899
250,beta,-1,1,35.06456629466682
250,beta,-1,1,43.88212910465252
250,beta,-1,1,44.917906053167385
250,beta,-1,1,44.97824639785803
250,beta,-1,1,57.6145249289342
250,beta,-1,1,46.584772260255576
250,beta,-1,1,37.39795816901195
250,beta,-1,1,44.663597682246206
250,beta,-1,1,35.54743859870776
250,beta,-1,1,45.44261626285972
250,beta,-1,1,41.44606913031229
250,beta,-1,1,39.3046472730332
250,beta,-1,1,35.650883974462516
250,beta,-1,1,40.31916102072172
250,beta,-1,1,46.964033960375446
250,beta,-1,1,51.94218336554941
250,beta,-1,1,40.680886474977704
250,beta,-1,1,38.707144045061014
250,beta,-1,1,46.24320687969311
250,beta,-1,1,39.52362948800872
250,beta,-1,1,39.8940351359529
250,beta,-1,1,37.012175367555706
250,beta,-1,1,42.36111744996732
250,beta,-1,1,37.0599897190555
250,beta,-1,1,44.56896996158108
250,beta,-1,1,48.638315340536394
250,beta,-1,1,46.681405099689236
250,beta,-1,1,50.017030657662396
250,beta,-1,1,42.314634477474215
250,beta,-1,1,46.55807956576134
250,beta,-1,1,38.53668462578227
250,beta,-1,1,54.253858250186035
250,beta,-1,1,45.2797094902998
250,beta,-1,1,43.16577715620764
250,beta,-1,1,38.37714135363029
250,beta,-1,1,39.25645676755473
250,beta,-1,1,47.12367957452992
250,beta,-1,1,47.539086873896714
250,beta,-1,1,39.9111540695361
250,beta,-1,1,38.25925342275387
250,beta,-1,1,40.01237651602038
250,beta,-1,1,35.46805201907968
250,beta,-1,1,41.504269992485355
250,beta,-1,1,41.91993732211654
250,beta,-1,1,33.47338912694352
250,beta,-1,1,44.74570096969922
250,beta,-1,1,44.96309454310421
250,beta,-1,1,36.78277589940915
250,beta,-1,1,48.52738108497183
250,beta,-1,1,40.05642919152912
250,beta,-1,1,38.1096669434761
250,beta,-1,1,37.824458802724344
250,beta,-1,1,44.865797060451044
250,beta,-1,1,55.56670153540008
250,beta,-1,1,44.12069304847929
250,beta,-1,1,37.047127982991796
250,beta,-1,1,45.669167115220596
250,beta,-1,1,40.33850177407428
250,beta,-1,1,47.081298503180136
250,beta,-1,1,49.35533025356389
250,beta,-1,1,44.16678858733542
250,beta,-1,1,30.9775200661629
250,beta,-1,1,35.09214370165873
250,beta,-1,1,44.74555209365519
250,beta,-1,1,40.828988120232495
250,beta,-1,1,42.40934306110959
250,beta,-1,1,35.515257822750726
250,beta,-1,1,40.87530430690043
250,beta,-1,1,42.069383430851296
250,beta,-1,1,40.625244826854264
250,beta,-1,1,58.4278626825235
250,beta,-1,1,42.70856801896566
250,beta,-1,1,35.05491732669618
250,beta,-1,1,44.19435518201449
250,beta,-1,1,42.359953352382334
250,beta,-1,1,49.24737467979961
250,beta,-1,1,44.95210047641458
250,beta,-1,1,51.87275975384966
250,beta,-1,1,41.29134110951092
250,beta,-1,1,55.17350628662601
250,beta,-1,1,44.600113999224845
250,beta,-1,1,42.91617903036587
250,beta,-1,1,42.09664205602967
250,beta,-1,1,44.572243547878266
250,beta,-1,1,43.89590501865231
250,beta,-1,1,42.254336151943065
250,beta,-1,1,45.520013195071535
250,beta,-1,1,50.74013928886983
250,beta,-1,1,44.74523482249883
250,beta,-1,1,47.74866876519876
250,beta,-1,1,35.30978465395737
250,beta,-1,1,50.27252076873621
250,beta,-1,1,45.53270179164098
250,beta,-1,1,37.914790377148265
250,beta,-1,1,37.43410437645795
250,beta,-1,1,48.66231778325352
250,beta,-1,1,42.78374168676948
250,beta,-1,1,45.28061262558323
250,beta,-1,1,49.451957931631426
250,beta,-1,1,38.1201330678611
250,beta,-1,1,41.62594024218192
250,beta,-1,1,38.68595792980569
250,beta,-1,1,52.73737579818385
250,beta,-1,1,38.78449715306694
250,beta,-1,1,59.664538514688815
250,beta,-1,1,39.57307541684848
250,beta,-1,1,40.368783236960596
250,beta,-1,1,33.65822463643381
250,beta,-1,1,31.699344802684248
250,beta,-1,1,42.412608678244375
250,beta,-1,1,41.96125801017715
250,beta,-1,1,52.560546901182576
250,beta,-1,1,38.77051156180721
250,beta,-1,1,32.40400769679682
250,beta,-1,1,35.35417938481784
250,beta,-1,1,45.72318546079426
250,beta,-1,1,45.89859831901782
250,beta,-1,1,42.70003855076796
250,beta,-1,1,39.95441657014489
250,beta,-1,1,38.503020806046834
250,beta,-1,1,47.79526312658069
250,beta,-1,1,38.69416697355298
250,beta,-1,1,36.177349456837185
250,beta,-1,1,37.841953481966776
250,beta,-1,1,37.49088455139251
250,beta,-1,1,38.63286507730335
250,beta,-1,1,33.72328073338743
250,beta,-1,1,34.126259038158025
250,beta,-1,1,41.93180446082699
250,beta,-1,1,38.33663171009158
250,beta,-1,1,36.74390506951919
250,beta,-1,1,43.774910388807534
250,beta,-1,1,37.12279909812993
250,beta,-1,1,49.420105327447665
250,beta,-1,1,38.99215539340672
250,beta,-1,1,41.83978200229692
250,beta,-1,1,45.32676946587498
250,beta,-1,1,34.310446410663324
250,beta,-1,1,37.2139635138097
250,beta,-1,1,48.33044815410494
250,beta,-1,1,39.544344384341535
250,beta,-1,1,45.0397660813559
250,beta,-1,1,43.17284258936953
250,beta,-1,1,31.49565321148432
250,beta,-1,1,49.897940076894216
250,beta,-1,1,40.217101964988636
250,beta,-1,1,45.84701506065038
250,beta,-1,1,37.98252392902643
250,beta,-1,1,45.9368792228598
250,beta,-1,1,30.94506667320801
250,beta,-1,1,45.457085224557446
250,beta,-1,1,35.53398791859872
250,beta,-1,1,40.54746003771252
250,beta,-1,1,34.623524653038274
250,beta,-1,1,49.10789469082071
250,beta,-1,1,37.268010267939815
250,beta,-1,1,43.64002421539359
250,beta,-1,1,40.64267927622524
250,beta,-1,1,51.95263046275911
250,beta,-1,1,39.94409507313827
250,beta,-1,1,43.57789305283274
250,beta,-1,1,49.34095546026916
250,beta,-1,1,37.03849136972979
250,beta,-1,1,51.94050015108226
250,beta,-1,1,60.68095248067586
250,beta,-1,1,43.4073722021532
250,beta,-1,1,36.59741651540194
250,beta,-1,1,53.385263289167796
250,beta,-1,1,40.13709477376881
250,beta,-1,1,39.80125147815205
250,beta,-1,1,35.53906767627457
250,beta,-1,1,54.139270968270274
250,beta,-1,1,46.77626627378514
250,beta,-1,1,31.916861436537836
250,beta,-1,1,41.549183206904885
250,beta,-1,1,35.052161223656874
250,beta,-1,1,47.8644077934841
250,beta,-1,1,40.745517728776875
250,beta,-1,1,58.58923693747042
250,beta,-1,1,39.64959398395543
250,beta,-1,1,37.26574838439386
250,beta,-1,1,49.58880573310017
250,beta,-1,1,64.53855579255404
250,beta,-1,1,42.800587116471526
250,beta,-1,1,33.33181402401944
250,beta,-1,1,38.013961468082144
250,beta,-1,1,37.6329881563325
250,beta,-1,1,65.26184158256055
250,beta,-1,1,41.928281111408175
250,beta,-1,1,39.76840583955105
250,beta,-1,1,44.94490655044032
250,beta,-1,1,37.47833210446041
250,beta,-1,1,37.07640615214689
250,beta,-1,1,37.36047335815586
250,beta,-1,1,36.113661133807064
250,beta,-1,1,34.64780423179689
250,beta,-1,1,43.9622837468396
250,beta,-1,1,38.74668055417632
250,beta,-1,1,37.95712480153586
250,beta,-1,1,36.93008349737241
250,beta,-1,1,41.56974310156697
250,beta,-1,1,47.33313575411134
250,beta,-1,1,37.27050033040989
250,beta,-1,1,40.294031411095006
250,beta,-1,1,43.24271727638567
250,beta,-1,1,32.10430156848787
250,beta,-1,1,45.82632531081267
250,beta,-1,1,53.40275066328022
250,beta,-1,1,39.361564694730845
250,beta,-1,1,47.33992894355345
250,beta,-1,1,40.2440918388738
250,beta,-1,1,38.69262723637602
250,beta,-1,1,31.613594006843872
250,beta,-1,1,54.01739373557564
250,beta,-1,1,37.063051480238194
250,beta,-1,1,51.013965018543345
250,beta,-1,1,36.07710698445962
250,beta,-1,1,44.40419911484298
250,beta,-1,1,33.3090897086118
250,beta,-1,1,51.82125865909234
250,beta,-1,1,41.706243991130535
250,beta,-1,1,40.71649837130367
250,beta,-1,1,44.26194223594541
250,beta,-1,1,51.93047357626139
250,beta,-1,1,37.075062263982055
250,beta,-1,1,36.43692288457773
250,beta,-1,1,48.32614020087068
250,beta,-1,1,35.048695284309744
250,beta,-1,1,34.510130767249564
250,beta,-1,1,48.960509412953066
250,beta,-1,1,38.49904051120868
250,beta,-1,1,42.25812204380141
250,beta,-1,1,39.89124053362826
250,beta,-1,1,40.36229274683887
250,beta,-1,1,42.224288655047665
250,beta,-1,1,33.03985632161524
250,beta,-1,1,53.78608420632043
250,beta,-1,1,43.961608701812594
250,beta,-1,1,40.98568391072703
250,beta,-1,1,41.25237476923132
250,beta,-1,1,48.14681279564422
250,beta,-1,1,40.383877899228345
250,beta,-1,1,41.38294304831589
250,beta,-1,1,43.4061272405317
250,beta,-1,1,42.051271242578174
250,beta,-1,1,30.47972827478625
250,beta,-1,1,55.486359725204046
250,beta,-1,1,41.084357222657815
250,beta,-1,1,57.9566427159422
250,beta,-1,1,38.741794385954904
250,beta,-1,1,41.11629779552063
250,beta,-1,1,47.352102258118
250,beta,-1,1,43.4257853568487
250,beta,-1,1,48.25171600847791
250,beta,-1,1,40.289184434676926
250,beta,-1,1,44.847295728445474
250,beta,-1,1,37.38538594591228
250,beta,-1,1,50.510707988206825
250,beta,-1,1,40.806900997493955
250,beta,-1,1,55.28899113440712
250,beta,-1,1,43.04284102772525
250,beta,-1,1,45.93433292430631
250,beta,-1,1,39.44962262360061
250,beta,-1,1,32.46575940688779
250,beta,-1,1,43.07976005033648
250,beta,-1,1,38.284988361988844
250,beta,-1,1,37.74491020433197
250,beta,-1,1,44.463482612286995
250,beta,-1,1,41.469349189266076
250,beta,-1,1,34.04657196814728
250,beta,-1,1,38.124285088621015
250,beta,-1,1,59.2467214586404
250,beta,-1,1,41.28382366833718
250,beta,-1,1,51.1172433991917
250,beta,-1,1,41.97420746673772
250,beta,-1,1,43.73973079689024
250,beta,-1,1,40.83801230135097
250,beta,-1,1,38.59534518444155
250,beta,-1,1,46.00178518057949
250,beta,-1,1,41.65735735364756
250,beta,-1,1,35.59697116848763
250,beta,-1,1,52.603663922175485
250,beta,-1,1,47.92171611475094
250,beta,-1,1,40.74078620545235
250,beta,-1,1,45.94391939162678
250,beta,-1,1,40.34506188170332
250,beta,-1,1,41.938764542372084
250,beta,-1,1,49.542021093696746
250,beta,-1,1,50.916865201018226
250,beta,-1,1,43.39593252803809
250,beta,-1,1,33.40346651896232
250,beta,-1,1,49.26070465063812
250,beta,-1,1,38.54171555924809
250,beta,-1,1,44.79581106472817
250,beta,-1,1,31.34728957619257
250,beta,-1,1,38.86756037288558
250,beta,-1,1,45.249079812150576
250,beta,-1,1,40.11405346597051
250,beta,-1,1,43.26508081830861
250,beta,-1,1,42.50662604995808
250,beta,-1,1,41.88967659584603
250,beta,-1,1,38.28847102780652
250,beta,-1,1,42.830799516643516
250,beta,-1,1,38.67929497573036
250,beta,-1,1,54.84686851732459
250,beta,-1,1,38.13081433503475
250,beta,-1,1,39.67490107098591
250,beta,-1,1,40.18419852992059
250,beta,-1,1,52.41855122113689
250,beta,-1,1,29.94857741652642
250,beta,-1,1,39.092395317535875
250,beta,-1,1,30.965913496526518
250,beta,-1,1,42.81231384262707
250,beta,-1,1,44.644054506595225
250,beta,-1,1,34.000679167904735
250,beta,-1,1,40.06978680929684
250,beta,-1,1,42.3068324437044
250,beta,-1,1,55.4391328376879
250,beta,-1,1,40.97971813529116
250,beta,-1,1,42.05289717892763
250,beta,-1,1,40.23461122846043
250,beta,-1,1,36.19204286295461
250,beta,-1,1,51.63680137305964
250,beta,-1,1,39.11772226576886
250,beta,-1,1,48.52701532502619
250,beta,-1,1,38.26170793107457
250,beta,-1,1,48.55163697902073
250,beta,-1,1,40.040087967799536
250,beta,-1,1,47.244900755802874
250,beta,-1,1,43.51584856700049
250,beta,-1,1,45.46541717116262
250,beta,-1,1,40.90453080941912
250,beta,-1,1,45.25117140868638
250,beta,-1,1,38.098795021942344
250,beta,-1,1,36.3679262148617
250,beta,-1,1,45.90636110727363
250,beta,-1,1,34.51853068928848
250,beta,-1,1,39.24538925298439
250,beta,-1,1,42.49215566822684
250,beta,-1,1,38.51258068241222
250,beta,-1,1,45.19282582387607
250,beta,-1,1,37.318495022881436
250,beta,-1,1,48.0095655247851
250,beta,-1,1,44.15917788442756
250,beta,-1,1,49.05775967303193
250,beta,-1,1,35.61522194298952
250,beta,-1,1,46.58106949412541
250,beta,-1,1,47.77294942589385
250,beta,-1,1,49.64934576810759
250,beta,-1,1,33.87350513092677
250,beta,-1,1,42.6880457440599
250,beta,-1,1,38.92172292707147
250,beta,-1,1,34.8793261603247
250,beta,-1,1,43.23521877765059
250,beta,-1,1,52.445137602133386
250,beta,-1,1,51.297378543174744
250,beta,-1,1,41.841073543030696
250,beta,-1,1,52.17735964134496
250,beta,-1,1,42.19101783832825
250,beta,-1,1,40.831228541607864
250,beta,-1,1,40.738189990831245
250,beta,-1,1,43.34899074603702
250,beta,-1,1,37.018540891823584
250,beta,-1,1,35.823024472623345
250,beta,-1,1,40.656200706134605
250,beta,-1,1,40.22676115870064
250,beta,-1,1,61.57681420422747
250,beta,-1,1,39.59031424452978
250,beta,-1,1,47.47652153259169
250,beta,-1,1,41.19080202299624
250,beta,-1,1,45.00297237601287
250,beta,-1,1,51.60159057520749
250,beta,-1,1,39.65393867341186
250,beta,-1,1,36.24649088151443
250,beta,-1,1,40.66751191825404
250,beta,-1,1,48.906660358859995
250,beta,-1,1,32.898937854193505
250,beta,-1,1,43.694835181165146
250,beta,-1,1,32.57342926523269
250,beta,-1,1,36.552873190706926
250,beta,-1,1,44.199368789328446
250,beta,-1,1,37.3626229195523
250,beta,-1,1,35.2845949784701
250,beta,-1,1,39.288834164123195
250,beta,-1,1,36.3613541469718
250,beta,-1,1,50.81453567066219
250,beta,-1,1,45.01869604977227
250,beta,-1,1,42.851755317973115
250,beta,-1,1,40.085363138438524
250,beta,-1,1,41.89163441292584
250,beta,-1,1,35.77759652258607
250,beta,-1,1,50.214060837622256
250,beta,-1,1,48.27410118880816
250,beta,-1,1,55.664827409276214
250,beta,-1,1,46.54210971937985
250,beta,-1,1,49.13300999996635
250,beta,-1,1,38.8492518511328
250,beta,-1,1,35.752387853951575
250,beta,-1,1,36.317305274464275
250,beta,-1,1,45.73543822076691
250,beta,-1,1,55.09614350170938
250,beta,-1,1,42.37846835366296
250,beta,-1,1,34.577942244870265
250,beta,-1,1,40.029686149104066
250,beta,-1,1,46.04837164788042
250,beta,-1,1,47.55073762959046
250,beta,-1,1,46.71819446434784
250,beta,-1,1,36.83899575655406
250,beta,-1,1,45.65640537268494
250,beta,-1,1,35.62420041508079
250,beta,-1,1,46.14978311866522
250,beta,-1,1,38.463771453167624
250,beta,-1,1,39.6305752857725
250,beta,-1,1,48.56506146739241
250,beta,-1,1,34.4702207877159
250,beta,-1,1,57.69370951143738
250,beta,-1,1,39.58196921655441
250,beta,-1,1,43.94773732856813
250,beta,-1,1,35.487572253543675
250,beta,-1,1,41.7026552807337
250,beta,-1,1,59.212661506919495
250,beta,-1,1,63.67125225674865
250,beta,-1,1,41.163260534605804
250,beta,-1,1,42.65197440412384
250,beta,-1,1,29.7787048307039
250,beta,-1,1,37.78119067284768
250,beta,-1,1,37.87312257237599
250,beta,-1,1,30.209262893180963
250,beta,-1,1,46.57414146551216
250,beta,-1,1,49.43005849525692
250,beta,-1,1,45.42820077794021
250,beta,-1,1,40.34622648179821
250,beta,-1,1,40.00136578327964
250,beta,-1,1,42.159493960265976
250,beta,-1,1,38.78001594484437
250,beta,-1,1,57.374737334311774
250,beta,-1,1,43.69018994678618
250,beta,-1,1,42.610575113689706
250,beta,-1,1,53.7384634127497
250,beta,-1,1,40.93006196615955
250,beta,-1,1,34.659200749118966
250,beta,-1,1,40.12422253390377
250,beta,-1,1,53.59478141277061
250,beta,-1,1,36.419825713465855
250,beta,-1,1,32.18338663197182
250,beta,-1,1,42.08281646074528
250,beta,-1,1,38.43298149995857
250,beta,-1,1,43.5973948748932
250,beta,-1,1,42.74635345813294
250,beta,-1,1,46.616710966158415
250,beta,-1,1,47.109686147920826
250,beta,-1,1,38.291248191542735
250,beta,-1,1,45.00688090423985
250,beta,-1,1,35.89426044489284
250,beta,-1,1,44.63454670461655
250,beta,-1,1,47.156520420858946
250,beta,-1,1,37.88206096910113
250,beta,-1,1,43.865951140327
250,beta,-1,1,34.421062946282134
250,beta,-1,1,36.2171522300719
250,beta,-1,1,39.035102099522014
250,beta,-1,1,40.44216026953626
250,beta,-1,1,45.29260301536111
250,beta,-1,1,46.532917496573994
250,beta,-1,1,41.635506298797566
250,beta,-1,1,41.677830881520315
250,beta,-1,1,45.05889427598565
250,beta,-1,1,43.59063785996172
250,beta,-1,1,44.47399593613618
250,beta,-1,1,44.89058265983142
250,beta,-1,1,33.81138245503477
250,beta,-1,1,39.22297843016703
250,beta,-1,1,34.24763627183276
250,beta,-1,1,37.544190136662955
250,beta,-1,1,32.05749361834191
250,beta,-1,1,38.74043777882819
250,beta,-1,1,40.255522709290204
250,beta,-1,1,41.08466204731473
250,beta,-1,1,39.56267600633034
250,beta,-1,1,39.84141394478263
250,beta,-1,1,71.03702272096878
250,beta,-1,1,39.449278849694565
250,beta,-1,1,40.45489286723106
250,beta,-1,1,54.3184641710674
250,beta,-1,1,42.4884116089987
250,beta,-1,1,45.56040099166594
250,beta,-1,1,47.537435863421706
250,beta,-1,1,38.93308090564753
250,beta,-1,1,47.024612383665854
250,beta,-1,1,50.06320545083427
250,beta,-1,1,39.36907604564153
250,beta,-1,1,47.93055346796598
250,beta,-1,1,33.6658177738222
250,beta,-1,1,39.98694968598889
250,beta,-1,1,44.3422550550599
250,beta,-1,1,48.54889031241783
250,beta,-1,1,45.72883652687208
250,beta,-1,1,45.8262490842288
250,beta,-1,1,42.837819384650714
250,beta,-1,1,48.83449470108805
250,beta,-1,1,43.14581990788743
250,beta,-1,1,45.42411071666081
250,beta,-1,1,40.52750967427149
250,beta,-1,1,36.61277791070909
250,beta,-1,1,38.143422075066695
250,beta,-1,1,44.91016223509542
250,beta,-1,1,58.41583232929404
250,beta,-1,1,37.526455095649
250,beta,-1,1,37.502519226822734
250,beta,-1,1,38.58648929539118
250,beta,-1,1,47.05666008289339
250,beta,-1,1,42.235574264787466
250,beta,-1,1,37.82811419862084
250,beta,-1,1,43.9798553880805
250,beta,-1,1,41.8211106948377
250,beta,-1,1,55.272257324821865
250,beta,-1,1,54.96086721760293
250,beta,-1,1,57.75078125263427
250,beta,-1,1,51.16179484248979
250,beta,-1,1,35.963483429064254
250,beta,-1,1,39.18356820539849
250,beta,-1,1,43.63155448538454
250,beta,-1,1,60.32965444116047
250,beta,-1,1,43.40464337762082
250,beta,-1,1,42.728688212285896
250,beta,-1,1,43.362574478244596
250,beta,-1,1,43.33840319384141
250,beta,-1,1,36.07594288255194
250,beta,-1,1,46.08575169099608
250,beta,-1,1,50.868084001178765
250,beta,-1,1,47.510848347524416
250,beta,-1,1,55.29974962251301
250,beta,-1,1,39.26826831728518
250,beta,-1,1,34.80342981774393
250,beta,-1,1,45.86303261369268
250,beta,-1,1,50.5723958367062
250,beta,-1,1,37.71941073234338
250,beta,-1,1,42.09744980477098
250,beta,-1,1,37.3541301205328
250,beta,-1,1,47.94549652266777
250,beta,-1,1,44.142304836289455
250,beta,-1,1,41.0401470866872
250,beta,-1,1,29.37765418375263
250,beta,-1,1,37.15411875776239
250,beta,-1,1,47.460946266922136
250,beta,-1,1,45.091334776282174
250,beta,-1,1,39.27799633237448
250,beta,-1,1,34.4716682771799
250,beta,-1,1,57.027233411570464
250,beta,-1,1,42.472944527465174
250,beta,-1,1,35.95243524321883
250,beta,-1,1,44.50990998190395
250,beta,-1,1,36.399080660646916
250,beta,-1,1,39.71411502064177
250,beta,-1,1,41.45300475138461
250,beta,-1,1,50.99455695600922
250,beta,-1,1,41.448699708047265
250,beta,-1,1,33.36393227163504
250,beta,-1,1,47.82558104977028
250,beta,-1,1,38.55965532828896
250,beta,-1,1,45.18320291860476
250,beta,-1,1,38.36068571086604
250,beta,-1,1,31.193739437462614
250,beta,-1,1,35.63764472154919
250,beta,-1,1,37.32932513190704
250,beta,-1,1,49.18344888340101
250,beta,-1,1,44.15103971931394
250,beta,-1,1,46.772304365374204
250,beta,-1,1,42.678755123473024
250,beta,-1,1,42.09738029804015
250,beta,-1,1,45.88133203499746
250,beta,-1,1,38.87582567933773
250,beta,-1,1,41.763099003092364
250,beta,-1,1,46.019331847092
250,beta,-1,1,52.1257338624034
250,beta,-1,1,34.37732596450746
250,beta,-1,1,35.17378373945661
250,beta,-1,1,41.16329082408062
250,beta,-1,1,39.86956098970138
250,beta,-1,1,41.8823080582752
250,beta,-1,1,38.92548720974105
250,beta,-1,1,37.21986492597433
250,beta,-1,1,34.799692909588465
250,beta,-1,1,37.346389331120655
250,beta,-1,1,35.73328500811444
250,beta,-1,1,48.40442892082598
250,beta,-1,1,36.51478847111382
250,beta,-1,1,38.0026717490492
250,beta,-1,1,41.062833929584386
250,beta,-1,1,36.252321899385
250,beta,-1,1,40.50720923679132
250,beta,-1,1,40.31647748618605
250,beta,-1,1,33.46433092253644
250,beta,-1,1,38.857615715125995
250,beta,-1,1,39.59049930924663
250,beta,-1,1,54.865932494261315
250,beta,-1,1,31.519759843385327
250,beta,-1,1,57.85972710816776
250,beta,-1,1,35.881808805931804
250,beta,-1,1,32.80211436978144
250,beta,-1,1,39.57203191893188
250,beta,-1,1,44.139021424311615
250,beta,-1,1,42.50969162511952
250,beta,-1,1,39.03368854118162
250,beta,-1,1,36.82527295130523
250,beta,-1,1,40.59453879546312
250,beta,-1,1,51.12247623807085
250,beta,-1,1,42.39788877425961
250,beta,-1,1,44.893803819500334
250,beta,-1,1,45.8009125055811
250,beta,-1,1,42.542523472260434
250,beta,-1,1,34.22484587724398
250,beta,-1,1,36.34662798381004
250,beta,-1,1,40.38462144968219
250,beta,-1,1,54.82839531837525
250,beta,-1,1,44.05421066611062
250,beta,-1,1,36.49201825157611
250,beta,-1,1,34.49633991720991
250,beta,-1,1,41.20271776305909
250,beta,-1,1,37.407189191032174
250,beta,-1,1,37.08868981803939
250,beta,-1,1,36.36192917119781
250,beta,-1,1,34.05055453398801
250,beta,-1,1,41.27408107756773
250,beta,-1,1,31.372829585300643
250,beta,-1,1,33.22257929532462
250,beta,-1,1,46.52355873697808
250,beta,-1,1,38.29682281773121
250,beta,-1,1,36.60902403191518
250,beta,-1,1,40.59655035286651
250,beta,-1,1,44.29348195338336
250,beta,-1,1,39.227758303653225
250,beta,-1,1,35.67160768081835
250,beta,-1,1,45.21000270897213
250,beta,-1,1,41.24156547096927
250,beta,-1,1,41.86008366181367
250,beta,-1,1,42.439024048842796
250,beta,-1,1,33.221075740288555
250,beta,-1,1,47.30932611117051
250,beta,-1,1,53.22758880013936
250,beta,-1,1,38.331882912999184
250,beta,-1,1,39.973557616508636
250,beta,-1,1,47.96964149113792
250,beta,-1,1,46.54116467538723
250,beta,-1,1,42.78911487362838
250,beta,-1,1,44.77482410281448
250,beta,-1,1,42.35388307457108
250,beta,-1,1,47.50616892579255
250,beta,-1,1,33.440871261672754
250,beta,-1,1,64.63885837259284
250,beta,-1,1,43.25608554247602
250,beta,-1,1,39.992965460547516
250,beta,-1,1,39.12919900400751
250,beta,-1,1,43.69812018564947
250,beta,-1,1,55.20794038360191
250,beta,-1,1,50.34499584691666
250,beta,-1,1,37.35896386510255
250,beta,-1,1,40.9675014348241
250,beta,-1,1,50.38049522000978
250,beta,-1,1,44.115511446301895
250,beta,-1,1,47.89331941900063
250,beta,-1,1,58.67879758525119
250,beta,-1,1,33.309428972018715
250,beta,-1,1,34.61738383573479
250,beta,-1,1,34.07656458773198
250,beta,-1,1,32.509395632351236
250,beta,-1,1,50.847798583194084
250,beta,-1,1,38.44750479936307
250,beta,-1,1,35.443047663552804
250,beta,-1,1,34.414931404619914
250,beta,-1,1,39.32349947474494
250,beta,-1,1,46.33531882947502
250,beta,-1,1,37.69652373055137
250,beta,-1,1,37.46710453582131
250,beta,-1,1,38.14696951329188
250,beta,-1,1,57.45981645665778
250,beta,-1,1,49.484957516194434
250,beta,-1,1,56.32374736268261
250,beta,-1,1,33.45520509896092
250,beta,-1,1,43.83062375125505
250,beta,-1,1,36.56033173443505
250,beta,-1,1,55.414186960367104
250,beta,-1,1,39.60549337706849
250,beta,-1,1,42.513701972288615
250,beta,-1,1,46.58794794330057
250,beta,-1,1,40.93684842426989
250,beta,-1,1,44.54363949228016
250,beta,-1,1,49.64676938338865
250,beta,-1,1,37.25608937769604
250,beta,-1,1,40.73512265986614
250,beta,-1,1,48.38129790977829
250,beta,-1,1,39.7217334933202
250,beta,-1,1,42.26932313096975
250,beta,-1,1,43.0475540459176
250,beta,-1,1,45.76532008664944
250,beta,-1,1,43.207702514339644
250,beta,-1,1,37.34529151859999
250,beta,-1,1,40.12519579337619
250,beta,-1,1,46.73773152309858
250,beta,-1,1,47.31249351457823
250,beta,-1,1,45.617065661189514
250,beta,-1,1,49.886716189541076
250,beta,-1,1,34.75375864507382
250,beta,-1,1,41.381417171678045
250,beta,-1,1,48.568483311163725
250,beta,-1,1,35.21648209812028
250,beta,-1,1,47.793910438224245
250,beta,-1,1,37.31837248313769
250,beta,-1,1,34.9043122425225
250,beta,-1,1,40.36003423045995
250,beta,-1,1,39.037225912361386
250,beta,-1,1,36.84826630596575
250,beta,-1,1,55.33901351536661
250,beta,-1,1,45.10720889859857
250,beta,-1,1,46.09084598619592
250,beta,-1,1,46.63222521672228
250,beta,-1,1,42.145998207302554
250,beta,-1,1,39.385089602270746
250,beta,-1,1,41.577999020539266
250,beta,-1,1,43.95098605500818
250,beta,-1,1,42.062167529952035
250,beta,-1,1,45.44508839864885
250,beta,-1,1,40.530776400375544
250,beta,-1,1,45.46170361629745
250,beta,-1,1,45.589706891243026
250,beta,-1,1,35.85920788592847
250,beta,-1,1,36.827362336707445
250,beta,-1,1,33.315232037151894
250,beta,-1,1,42.393726296728545
250,beta,-1,1,39.43223385332195
250,beta,-1,1,36.87142298596231
250,beta,-1,1,36.85462459766047
250,beta,-1,1,45.56822945399858
250,beta,-1,1,45.27494890771621
250,beta,-1,1,41.76608607788619
250,beta,-1,1,43.07134570613382
250,beta,-1,1,47.146110463223124
250,beta,-1,1,39.44652458980122
250,beta,-1,1,34.83843096514454
250,beta,-1,1,40.35727963447635
250,beta,-1,1,41.33135590822414
250,beta,-1,1,34.33312229133636
250,beta,-1,1,36.79797503188333
250,beta,-1,1,34.86380194491485
250,beta,-1,1,40.58585232539865
250,beta,-1,1,51.393101714163244
250,beta,-1,1,39.500704631437465
250,beta,-1,1,45.8786240487152
250,beta,-1,1,32.62670822475415
250,beta,-1,1,62.44756239431192
250,beta,-1,1,47.20964897884784
250,beta,-1,1,43.42068592760761
250,beta,-1,1,49.7725924655441
250,beta,-1,1,37.14930242487058
250,beta,-1,1,38.5954568180706
250,beta,-1,1,39.05659558367084
250,beta,-1,1,38.59288991676699
250,beta,-1,1,38.70113470647617
250,beta,-1,1,51.144006649017406
250,beta,-1,1,45.91695680781288
250,beta,-1,1,36.38858218688048
250,beta,-1,1,48.87605644199197
250,beta,-1,1,48.38723485242929
250,beta,-1,1,43.06151043317496
250,beta,-1,1,49.487406472754564
250,beta,-1,1,41.26561603759081
250,beta,-1,1,42.03352026572963
250,beta,-1,1,47.979665437848084
250,beta,-1,1,41.62490525311418
250,beta,-1,1,37.235384614722655
250,beta,-1,1,34.20576481854166
250,beta,-1,1,42.85471935805683
250,beta,-1,1,50.01094741331615
250,beta,-1,1,39.08370600385354
250,beta,-1,1,47.06828901781932
250,beta,-1,1,43.473914216379434
250,beta,-1,1,47.04054548641883
250,beta,-1,1,36.57853513461125
250,beta,-1,1,46.75162349939996
250,beta,-1,1,49.099401513800274
250,beta,-1,1,42.02013057610085
250,beta,-1,1,35.434105908488945
250,beta,-1,1,43.60135108144068
250,beta,-1,1,44.81905345374384
250,beta,-1,1,36.51322213382232
250,beta,-1,1,38.83366004443427
250,beta,-1,1,39.934971340828774
250,beta,-1,1,33.37641597716757
250,beta,-1,1,36.4929102653887
250,beta,-1,1,34.776224322951336
250,beta,-1,1,46.215976262674054
250,beta,-1,1,39.647741102281394
250,beta,-1,1,35.405193058568095
250,beta,-1,1,40.314701206136384
250,beta,-1,1,38.75060255331269
250,beta,-1,1,35.30632098276273
250,beta,-1,1,52.16595187916079
250,beta,-1,1,47.275896252505255
250,beta,-1,1,41.33279311629496
250,beta,-1,1,35.607140054806166
250,beta,-1,1,40.5140172563892
250,beta,-1,1,50.93721472140981
250,beta,-1,1,47.409479508502606
250,beta,-1,1,45.76908961585201
250,beta,-1,1,38.04895816764761
250,beta,-1,1,40.30022293470359
250,beta,-1,1,55.445719019939474
250,beta,-1,1,48.61542149247523
250,beta,-1,1,35.943456590958625
250,beta,-1,1,44.38635274001338
250,beta,-1,1,63.71409928949342
250,beta,-1,1,41.41337663202742
250,beta,-1,1,47.2384514496719
250,beta,-1,1,39.43100612664745
250,beta,-1,1,35.76774692853493
250,beta,-1,1,39.83396397804343
250,beta,-1,1,53.85052448976985
250,beta,-1,1,43.984285072091716
250,beta,-1,1,39.40890009708056
250,beta,-1,1,36.468446944400135
250,beta,-1,1,54.131945490032116
250,beta,-1,1,31.18472505867892
250,beta,-1,1,44.16900441106383
250,beta,-1,1,44.731591458494435
250,beta,-1,1,36.18030870401708
250,beta,-1,1,52.37494540019061
250,beta,-1,1,44.88840261025291
250,beta,-1,1,44.693682311034074
250,beta,-1,1,51.42590367541046
250,beta,-1,1,34.02937947307062
250,beta,-1,1,42.0343445222551
250,beta,-1,1,50.592400288939295
250,beta,-1,1,47.070209785251954
250,beta,-1,1,39.32059868266016
250,beta,-1,1,40.06504857601643
250,beta,-1,1,41.59063042371187
250,beta,-1,1,44.043339101258596
250,beta,-1,1,36.61055988110961
250,beta,-1,1,41.88668481316807
250,beta,-1,1,44.44633928763479
250,beta,-1,1,47.65152110911012
250,beta,-1,1,34.42887323467926
250,beta,-1,1,41.4502373162302
250,beta,-1,1,38.87348325486739
250,beta,-1,1,36.09332620601785
250,beta,-1,1,38.97908281772849
250,beta,-1,1,39.5554693088522
250,beta,-1,1,37.308404680275885
250,beta,-1,1,40.8875841398955
250,beta,-1,1,37.694733185293416
250,beta,-1,1,32.570826570385854
250,beta,-1,1,46.50138960987581
250,beta,-1,1,33.44508593474519
250,beta,-1,1,48.436827622622914
250,beta,-1,1,55.140165464360194
250,beta,-1,1,37.85645213784001
250,beta,-1,1,36.051538167452144
250,beta,-1,1,38.14027981038497
250,beta,-1,1,39.68697699837826
250,beta,-1,1,44.31877057418751
250,beta,-1,1,41.91273539483282
250,beta,-1,1,40.220568113288635
250,beta,-1,1,41.99617007534566
250,beta,-1,1,39.046304697377195
250,beta,-1,1,42.902290706025966
250,beta,-1,1,44.177490104085976
250,beta,-1,1,40.52042709738016
250,beta,-1,1,48.76589206991863
250,beta,-1,1,41.56644232060217
250,beta,-1,1,39.35560959448836
250,beta,-1,1,52.293324017426876
250,beta,-1,1,50.17996226375796
250,beta,-1,1,44.559276027722305
250,beta,-1,1,44.162954211564916
250,beta,-1,1,50.82212855934038
250,beta,-1,1,41.953708916171024
250,beta,-1,1,45.94092207694334
250,beta,-1,1,42.40939401415087
250,beta,-1,1,40.863618552225
250,beta,-1,1,52.37468935392917
250,beta,-1,1,51.20817101379079
250,beta,-1,1,33.68479020242984
250,beta,-1,1,42.27313542620492
250,beta,-1,1,45.893062089541985
250,beta,-1,1,59.150434198520045
250,beta,-1,1,36.15074292898137
250,beta,-1,1,39.54500487230031
250,beta,-1,1,47.594215382306494
250,beta,-1,1,48.396818447323724
250,beta,-1,1,45.91223297310477
250,beta,-1,1,35.94035675354464
250,beta,-1,1,41.37291648911384
250,beta,-1,1,47.600577972055746
250,beta,-1,1,47.20819944129178
250,beta,-1,1,36.230937392006986
250,beta,-1,1,47.851689736846254
250,beta,-1,1,45.185968586405984
250,beta,-1,1,37.49612972975438
250,beta,-1,1,39.81821733148584
250,beta,-1,1,37.9158445204666
250,beta,-1,1,39.77936841549961
250,beta,-1,1,37.76465295902804
250,beta,-1,1,38.10481642077948
250,beta,-1,1,36.32515403106915
250,beta,-1,1,40.219479415625166
250,beta,-1,1,40.975120516212975
250,beta,-1,1,51.93890906327373
250,beta,-1,1,46.495388193313794
250,beta,-1,1,38.9113505354839
250,beta,-1,1,47.727753194925796
250,beta,-1,1,39.58259936386697
250,beta,-1,1,35.88662713846531
250,beta,-1,1,40.77545880551922
250,beta,-1,1,42.565402709814215
250,beta,-1,1,35.36864959171052
250,beta,-1,1,37.95213223995182
250,beta,-1,1,34.44781131754099
250,beta,-1,1,39.029895988688466
250,beta,-1,1,41.19231180798867
250,beta,-1,1,53.76100115683398
250,beta,-1,1,43.41594550261594
250,beta,-1,1,46.60732550894548
250,beta,-1,1,40.92787621940038
250,beta,-1,1,47.02100992319372
250,beta,-1,1,41.181940709300385
250,beta,-1,1,32.84166231696039
250,beta,-1,1,37.776070682952934
250,beta,-1,1,50.16266901605441
250,beta,-1,1,35.05594232738233
250,beta,-1,1,33.70856533697098
250,beta,-1,1,49.04686886682243
250,beta,-1,1,39.757294285795524
250,beta,-1,1,47.34556442398822
250,beta,-1,1,40.33407540121401
250,beta,-1,1,44.72222278018806
250,beta,-1,1,43.78921060520346
250,beta,-1,1,40.06170859884526
250,beta,-1,1,37.662874898878144
250,beta,-1,1,40.81445190349054
250,beta,-1,1,37.537577289440485
250,beta,-1,1,44.28876954016766
250,beta,-1,1,59.2853065888338
250,beta,-1,1,45.110070772374094
250,beta,-1,1,38.09246883501668
250,beta,-1,1,39.66048468918198
250,beta,-1,1,49.876685558980796
250,beta,-1,1,37.82027389689442
250,beta,-1,1,49.22262507258748
250,beta,-1,1,39.45571990591307
250,beta,-1,1,36.20744510227054
250,beta,-1,1,39.39580097738495
250,beta,-1,1,41.98425643717179
250,beta,-1,1,46.46785402088436
250,beta,-1,1,42.006086165460985
250,beta,-1,1,43.9254058899774
250,beta,-1,1,39.51000212799077
250,beta,-1,1,44.2013317267411
250,beta,-1,1,34.96202286720592
250,beta,-1,1,42.20573964049916
250,beta,-1,1,54.61912562149459
250,beta,-1,1,45.27138142824534
250,beta,-1,1,44.892218548972465
250,beta,-1,1,44.23572548526999
250,beta,-1,1,49.419194759703515
250,beta,-1,1,54.98099204294415
250,beta,-1,1,36.02483656438859
250,beta,-1,1,41.94531137485111
250,beta,-1,1,40.149603192727334
250,beta,-1,1,40.172831736461035
250,beta,-1,1,41.294693671030366
250,beta,-1,1,30.83267061416645
250,beta,-1,1,41.61005432231154
250,beta,-1,1,43.432083682810266
250,beta,-1,1,55.34551216790365
250,beta,-1,1,36.21014149240658
250,beta,-1,1,34.618701801444644
250,beta,-1,1,43.43175040579934
250,beta,-1,1,44.83262051073561
250,beta,-1,1,41.044561626791484
250,beta,-1,1,63.15097625041263
250,beta,-1,1,47.74037094223062
250,beta,-1,1,52.54357340120218
250,beta,-1,1,48.460203782718814
250,beta,-1,1,41.69758401951372
250,beta,-1,1,43.742013117446156
250,beta,-1,1,48.63404855484123
250,beta,-1,1,39.0320637222406
250,beta,-1,1,42.670303875831365
250,beta,-1,1,39.916345536131416
250,beta,-1,1,45.005678027370855
250,beta,-1,1,51.898932347659915
250,beta,-1,1,45.53135181322724
250,beta,-1,1,33.686059123058115
250,beta,-1,1,44.05853310301121
250,beta,-1,1,56.320138763785494
250,beta,-1,1,45.69323822853056
250,beta,-1,1,39.97058627590311
250,beta,-1,1,43.98610826275275
250,beta,-1,1,38.66181749763319
250,beta,-1,1,45.42021046515193
250,beta,-1,1,34.07586341006179
250,beta,-1,1,42.165348253913486
250,beta,-1,1,32.81046275458067
250,beta,-1,1,48.61011349775564
250,beta,-1,1,45.192604322481756
250,beta,-1,1,43.51707315752733
250,beta,-1,1,45.06884630694405
250,beta,-1,1,37.82012971488687
250,beta,-1,1,54.547676640318066
250,beta,-1,1,40.20123625428834
250,beta,-1,1,49.43875996018082
250,beta,-1,1,39.98578003425488
250,beta,-1,1,50.54043965501783
250,beta,-1,1,34.386826601357754
250,beta,-1,1,47.67148590969812
250,beta,-1,1,43.437161146625144
250,beta,-1,1,43.64220857498596
250,beta,-1,1,43.89504477532042
250,beta,-1,1,39.757995213648556
250,beta,-1,1,40.98980713091795
250,beta,-1,1,36.59401325030993
250,beta,-1,1,36.24885186938236
250,beta,-1,1,46.47388754897603
250,beta,-1,1,38.353697686847234
250,beta,-1,1,44.46412169074036
250,beta,-1,1,38.363803824055736
250,beta,-1,1,42.66171701841026
250,beta,-1,1,40.50461369679585
250,beta,-1,1,40.346715429400305
250,beta,-1,1,60.36533344640348
250,beta,-1,1,33.31999248442857
250,beta,-1,1,35.66516317251338
250,beta,-1,1,51.12589622206252
250,beta,-1,1,71.76721495560498
250,beta,-1,1,55.58836868308471
250,beta,-1,1,36.67865060144919
250,beta,-1,1,37.80405419955448
250,beta,-1,1,49.03520628688227
250,beta,-1,1,50.93490701555345
250,beta,-1,1,57.6934329287873
250,beta,-1,1,42.06039273091214
250,beta,-1,1,34.672054927300664
250,beta,-1,1,42.649912622263116
250,beta,-1,1,39.536609611925144
250,beta,-1,1,38.29238206772003
250,beta,-1,1,43.23578812949859
250,beta,-1,1,46.012511355721294
250,beta,-1,1,40.82327853007393
250,beta,-1,1,37.88866642256275
250,beta,-1,1,57.27080677692359
250,beta,-1,1,73.47507421130489
250,beta,-1,1,38.56829128097348
250,beta,-1,1,47.31977899313361
250,beta,-1,1,38.85930151809355
250,beta,-1,1,36.73370309309832
250,beta,-1,1,29.7723320289461
250,beta,-1,1,44.23676267078985
250,beta,-1,1,43.669041294319165
250,beta,-1,1,50.36665122604883
250,beta,-1,1,35.87180185913062
250,beta,-1,1,50.94755046404203
250,beta,-1,1,40.33596719519515
250,beta,-1,1,38.615752629565584
250,beta,-1,1,33.71059276971717
250,beta,-1,1,38.49245544438047
250,beta,-1,1,43.770029700202805
250,beta,-1,1,51.682075110854456
250,beta,-1,1,36.891540918172275
250,beta,-1,1,41.29974976451891
250,beta,-1,1,42.50140360019445
250,beta,-1,1,56.743187802615076
250,beta,-1,1,38.285547871259915
250,beta,-1,1,50.87558856187485
250,beta,-1,1,41.90706935014616
250,beta,-1,1,40.00333914736688
250,beta,-1,1,39.77828137534733
250,beta,-1,1,41.02045120443079
250,beta,-1,1,52.966291350275704
250,beta,-1,1,41.15762670810672
250,beta,-1,1,44.09399798263171
250,beta,-1,1,45.70825009902429
250,beta,-1,1,43.75677053945024
250,beta,-1,1,35.326053147936726
250,beta,-1,1,37.162363432448124
250,beta,-1,1,38.896799310031504
250,beta,-1,1,38.664841923139356
250,beta,-1,1,46.46538558046787
250,beta,-1,1,32.90938541313669
250,beta,-1,1,54.82324398926594
250,beta,-1,1,36.789160475636244
250,beta,-1,1,36.144427109403686
250,beta,-1,1,41.33373533042101
250,beta,-1,1,44.718731317478884
250,beta,-1,1,46.4068596712719
250,beta,-1,1,39.030623258734245
250,beta,-1,1,38.52227828568062
250,beta,-1,1,41.983649451863734
250,beta,-1,1,50.48403395684525
250,beta,-1,1,37.66490642421269
250,beta,-1,1,32.535314105034566
250,beta,-1,1,33.300590381835306
250,beta,-1,1,53.45650055050257
250,beta,-1,1,49.34611179002813
250,beta,-1,1,55.77950304840998
250,beta,-1,1,36.777054649492804
250,beta,-1,1,47.145957713084506
250,beta,-1,1,43.200858001370655
250,beta,-1,1,46.84674102499918
250,beta,-1,1,39.28079780893182
250,beta,-1,1,34.70897139241865
250,beta,-1,1,32.23394994041903
250,beta,-1,1,38.55506269136853
250,beta,-1,1,47.48712180184478
250,beta,-1,1,34.844470156792035
250,beta,-1,1,41.09071159973155
250,beta,-1,1,36.18575165408318
250,beta,-1,1,42.74319876694504
250,beta,-1,1,46.06702204349668
250,beta,-1,1,29.160316524425138
250,beta,-1,1,40.96245680733655
250,beta,-1,1,48.00438947808425
250,beta,-1,1,42.691369305676005
250,beta,-1,1,41.59247803749586
250,beta,-1,1,51.73514287235697
250,beta,-1,1,45.40963392081286
250,beta,-1,1,44.10751597396232
250,beta,-1,1,46.30693589959804
250,beta,-1,1,44.5359799528988
250,beta,-1,1,35.45653652570129
250,beta,-1,1,37.35120057530549
250,beta,-1,1,37.345944460495495
250,beta,-1,1,38.85518978136661
250,beta,-1,1,50.06209958435396
250,beta,-1,1,36.28719109418001
250,beta,-1,1,48.42359555805979
250,beta,-1,1,56.88218882138847
250,beta,-1,1,49.6345601132443
250,beta,-1,1,46.464479698343325
250,beta,-1,1,32.32291223969165
250,beta,-1,1,37.40144572774909
250,beta,-1,1,38.80905284248721
250,beta,-1,1,37.265360035912664
250,beta,-1,1,39.67871720299293
250,beta,-1,1,47.925000936238405
250,beta,-1,1,41.83151288949112
250,beta,-1,1,43.5368335513738
250,beta,-1,1,32.28029583792457
250,beta,-1,1,58.09656412763651
250,beta,-1,1,40.50082551858714
250,beta,-1,1,39.66203970749957
250,beta,-1,1,42.72522064813907
250,beta,-1,1,48.63526031210123
250,beta,-1,1,46.432293970655415
250,beta,-1,1,36.44661759227476
250,beta,-1,1,37.143991322517785
250,beta,-1,1,37.81400943490161
250,beta,-1,1,35.83592189969929
250,beta,-1,1,36.72015800150292
250,beta,-1,1,38.86043531714415
250,beta,-1,1,48.677237955228755
250,beta,-1,1,58.1543183021646
250,beta,-1,1,41.30174054801149
250,beta,-1,1,32.19930013040329
250,beta,-1,1,36.69226215576208
250,beta,-1,1,55.76039720473153
250,beta,-1,1,49.70833976270965
250,beta,-1,1,38.08493839326509
250,beta,-1,1,44.045547884642886
250,beta,-1,1,38.09535547044082
250,beta,-1,1,50.912417889128065
250,beta,-1,1,35.926209980644295
250,beta,-1,1,35.921638644140415
250,beta,-1,1,44.87421423705691
250,beta,-1,1,37.05328930877026
250,beta,-1,1,40.60615968310109
250,beta,-1,1,31.603215259952673
250,beta,-1,1,29.95689346323039
250,beta,-1,1,42.8741393202319
250,beta,-1,1,47.536511618868865
250,beta,-1,1,47.41096677455035
250,beta,-1,1,36.5434249196285
250,beta,-1,1,38.65069196209537
250,beta,-1,1,54.6304265493908
250,beta,-1,1,49.351066655611504
250,beta,-1,1,37.27736396760942
250,beta,-1,1,39.68907127176359
250,beta,-1,1,51.114670797097546
250,beta,-1,1,39.661752572429904
250,beta,-1,1,46.01053731297639
250,beta,-1,1,34.71299750693468
250,beta,-1,1,39.394900239756325
250,beta,-1,1,47.90976794920486
250,beta,-1,1,40.502151740177474
250,beta,-1,1,36.789315516887214
250,beta,-1,1,58.932906587478826
250,beta,-1,1,37.642092504284186
250,beta,-1,1,45.11718667268815
250,beta,-1,1,34.43615196451365
250,beta,-1,1,42.29119602602637
250,beta,-1,1,70.1911554301619
250,beta,-1,1,35.44658463151151
250,beta,-1,1,35.03259040049078
250,beta,-1,1,36.4599853446951
250,beta,-1,1,36.59140817275145
250,beta,-1,1,49.905053532576524
250,beta,-1,1,42.931299483682466
250,beta,-1,1,43.18610904961212
250,beta,-1,1,35.43222646984158
250,beta,-1,1,38.86886853773572
250,beta,-1,1,47.266558076930544
250,beta,-1,1,31.639493429544416
250,beta,-1,1,39.44482097106131
250,beta,-1,1,41.37212246247509
250,beta,-1,1,33.18163278466744
250,beta,-1,1,38.699946317019055
250,beta,-1,1,34.07832888312046
250,beta,-1,1,40.2751615791451
250,beta,-1,1,36.15267433795943
250,beta,-1,1,47.891187668972094
250,beta,-1,1,35.42432731016928
250,beta,-1,1,57.41689405884788
250,beta,-1,1,37.031002284992134
250,beta,-1,1,44.24195350757506
250,beta,-1,1,42.184021137101865
250,beta,-1,1,33.624209214796835
250,beta,-1,1,38.15151963008484
250,beta,-1,1,51.52693774996801
250,beta,-1,1,34.627584164248454
250,beta,-1,1,44.81422281580461
250,beta,-1,1,38.5011630221245
250,beta,-1,1,38.664583597113186
250,beta,-1,1,52.50223374738818
250,beta,-1,1,40.36944589056639
250,beta,-1,1,36.426543567266094
250,beta,-1,1,40.996821004049856
250,beta,-1,1,44.34005562341651
250,beta,-1,1,41.56863660866106
250,beta,-1,1,58.20058150587511
250,beta,-1,1,51.78668224601322
250,beta,-1,1,39.97698172224953
250,beta,-1,1,44.192055622782505
250,beta,-1,1,37.462411573252595
250,beta,-1,1,31.82049699822916
250,beta,-1,1,37.63846748327768
250,beta,-1,1,36.03090715001053
250,beta,-1,1,49.93339888906636
250,beta,-1,1,42.77928083025587
250,beta,-1,1,49.1149928949694
250,beta,-1,1,46.055953662138855
250,beta,-1,1,47.98476043866627
250,beta,-1,1,36.85706176312882
250,beta,-1,1,32.37833244673209
250,beta,-1,1,38.82046960923857
250,beta,-1,1,33.36384079007333
250,beta,-1,1,39.0805327530771
250,beta,-1,1,36.74125209234451
250,beta,-1,1,56.12313917234377
250,beta,-1,1,60.23729932818528
250,beta,-1,1,43.431802852368364
250,beta,-1,1,50.56216120628095
250,beta,-1,1,48.43397696328122
250,beta,-1,1,57.26231331654579
250,beta,-1,1,36.23710381084214
250,beta,-1,1,41.87752191182089
250,beta,-1,1,53.026062144707666
250,beta,-1,1,45.74460217212977
250,beta,-1,1,48.31659523048386
250,beta,-1,1,52.021531126549995
250,beta,-1,1,38.983886356263184
250,beta,-1,1,42.52425826681852
250,beta,-1,1,47.59499503785443
250,beta,-1,1,35.52045064544049
250,beta,-1,1,44.17260787621983
250,beta,-1,1,39.339302157216665
250,beta,-1,1,38.635241638275396
250,beta,-1,1,42.53403952785976
250,beta,-1,1,42.086656736281405
250,beta,-1,1,42.233924432855964
250,beta,-1,1,47.828918797441936
250,beta,-1,1,46.297877216954
250,beta,-1,1,39.86209437681447
250,beta,-1,1,33.54839806138504
250,beta,-1,1,59.02402362160372
250,beta,-1,1,50.46506830481845
250,beta,-1,1,44.855600309147185
250,beta,-1,1,45.27520950207073
250,beta,-1,1,45.61987797481861
250,beta,-1,1,48.30505645667561
250,beta,-1,1,38.18777177451047
250,beta,-1,1,38.35662146099809
250,beta,-1,1,35.89786132634203
250,beta,-1,1,41.15921348122911
250,beta,-1,1,53.19285098746082
250,beta,-1,1,40.24440056543669
250,beta,-1,1,44.29138219791552
250,beta,-1,1,38.222348725343885
250,beta,-1,1,36.897762338461654
250,beta,-1,1,54.720921921002116
250,beta,-1,1,39.24407519191282
250,beta,-1,1,42.68765730778967
250,beta,-1,1,47.71269850692281
250,beta,-1,1,40.24502127913074
250,beta,-1,1,39.38842557151065
250,beta,-1,1,41.05678104263925
250,beta,-1,1,43.657492406515786
250,beta,-1,1,40.343058486293025
250,beta,-1,1,40.80687255470644
250,beta,-1,1,35.38122689720652
250,beta,-1,1,45.518878411811876
250,beta,-1,1,34.985400776553725
250,beta,-1,1,41.017703870047285
250,beta,-1,1,40.699257630581684
250,beta,-1,1,39.12612958778008
250,beta,-1,1,45.048491538626
250,beta,-1,1,40.36014839725957
250,beta,-1,1,36.7216841973957
250,beta,-1,1,43.474204116249695
250,beta,-1,1,40.3742031999999
250,beta,-1,1,44.64905362663793
250,beta,-1,1,44.69069427671179
250,beta,-1,1,39.901587375093115
250,beta,-1,1,46.15728651041558
250,beta,-1,1,37.24409469619265
250,beta,-1,1,38.38250694799294
250,beta,-1,1,47.292524010205504
250,beta,-1,1,40.546495390110074
250,beta,-1,1,57.33838462519187
250,beta,-1,1,44.527556871496536
250,beta,-1,1,53.77377618912287
250,beta,-1,1,32.28280603321187
250,beta,-1,1,37.02911420417335
250,beta,-1,1,39.457412527377066
250,beta,-1,1,35.63705178728805
250,beta,-1,1,38.72055229320066
250,beta,-1,1,40.23312995048394
250,beta,-1,1,46.98176515023791
250,beta,-1,1,48.254028054318646
250,beta,-1,1,37.778889143042804
250,beta,-1,1,34.049572232831075
250,beta,-1,1,46.24655202615768
250,beta,-1,1,41.05377111858297
250,beta,-1,1,33.140070240394614
250,beta,-1,1,38.968313746438255
250,beta,-1,1,47.95534788113553
250,beta,-1,1,45.22859135195828
250,beta,-1,1,39.69468439679271
250,beta,-1,1,37.59556495177929
250,beta,-1,1,39.13997540568765
250,beta,-1,1,33.34926392768873
250,beta,-1,1,41.45728414728669
250,beta,-1,1,39.48805506852221
250,beta,-1,1,50.74522277555341
250,beta,-1,1,41.13801680550005
250,beta,-1,1,45.11715316519411
250,beta,-1,1,37.30877222640616
250,beta,-1,1,37.88149265421358
250,beta,-1,1,38.26182139182583
250,beta,-1,1,40.80475209610186
250,beta,-1,1,35.96195033333292
250,beta,-1,1,40.87604018230516
250,beta,-1,1,44.17604450228792
250,beta,-1,1,40.388724386919876
250,beta,-1,1,39.00446870466149
250,beta,-1,1,38.22819377853963
250,beta,-1,1,48.33280403648556
250,beta,-1,1,36.872320006493204
250,beta,-1,1,38.42697182802032
250,beta,-1,1,32.84534446637343
250,beta,-1,1,42.59377340544477
250,beta,-1,1,52.808245199108406
250,beta,-1,1,43.978531149205544
250,beta,-1,1,51.69034487774556
250,beta,-1,1,36.36175479017371
250,beta,-1,1,44.932795042388584
250,beta,-1,1,36.07875752560836
250,beta,-1,1,34.06512375899345
250,beta,-1,1,31.921694578211206
250,beta,-1,1,50.87906654554485
250,beta,-1,1,42.93653440993828
250,beta,-1,1,42.20569284431778
250,beta,-1,1,42.14319187836987
250,beta,-1,1,42.13801276038365
250,beta,-1,1,39.07144574836636
250,beta,-1,1,46.66978201688178
250,beta,-1,1,39.54635066696797
250,beta,-1,1,40.74408395847531
250,beta,-1,1,37.22872027492251
250,beta,-1,1,43.986640626457906
250,beta,-1,1,38.74072324638608
250,beta,-1,1,33.413733959533175
250,beta,-1,1,43.64983852222983
250,beta,-1,1,45.17441068549288
250,beta,-1,1,46.48470181443832
250,beta,-1,1,38.680949754920775
250,beta,-1,1,37.455367358507914
250,beta,-1,1,41.99902198671643
250,beta,-1,1,31.034440037272393
250,beta,-1,1,35.08301312350206
250,beta,-1,1,36.60470710951367
250,beta,-1,1,48.921811688917785
250,beta,-1,1,41.22406767134828
250,beta,-1,1,37.72005561052829
250,beta,-1,1,38.79381844228588
250,beta,-1,1,52.088838776911274
250,beta,-1,1,41.16069076650031
250,beta,-1,1,39.94568857641011
250,beta,-1,1,44.19095543629946
250,beta,-1,1,52.16937945460697
250,beta,-1,1,41.04540837838061
250,beta,-1,1,41.29808690768937
250,beta,-1,1,37.157934655519725
250,beta,-1,1,42.78042306422526
250,beta,-1,1,43.58963950710042
250,beta,-1,1,33.65220801739748
250,beta,-1,1,42.84056853640654
250,beta,-1,1,41.45980524524642
250,beta,-1,1,42.3607981273788
250,beta,-1,1,36.4836864511007
250,beta,-1,1,37.7864600061455
250,beta,-1,1,47.95499118274267
250,beta,-1,1,50.166322706769286
250,beta,-1,1,46.02721946215955
250,beta,-1,1,29.747525912848346
250,beta,-1,1,33.991431904689456
250,beta,-1,1,52.28072571875358
250,beta,-1,1,36.678811472461824
250,beta,-1,1,40.623904363839046
250,beta,-1,1,52.49245627559144
250,beta,-1,1,48.032178069572545
250,beta,-1,1,44.84685380796317
250,beta,-1,1,42.255616667584945
250,beta,-1,1,32.74763644811419
250,beta,-1,1,39.511045491660084
250,beta,-1,1,36.42949939089719
250,beta,-1,1,54.756958581256406
250,beta,-1,1,54.16540194961231
250,beta,-1,1,36.389129535075455
250,beta,-1,1,34.2430549778107
250,beta,-1,1,47.8206710637501
250,beta,-1,1,41.37954072971449
250,beta,-1,1,40.166812164473136
250,beta,-1,1,38.52706207209651
250,beta,-1,1,38.91234750646563
250,beta,-1,1,57.46724791406932
250,beta,-1,1,39.72114088492096
250,beta,-1,1,49.67764043372493
250,beta,-1,1,45.71498123635214
250,beta,-1,1,33.95626625741168
250,beta,-1,1,45.038733037336264
250,beta,-1,1,39.65171746076341
250,beta,-1,1,41.337468231771
250,beta,-1,1,35.75515493631214
250,beta,-1,1,31.34504113077932
250,beta,-1,1,40.94221074821546
250,beta,-1,1,35.73494863214359
250,beta,-1,1,39.38631610780017
250,beta,-1,1,39.34336144890332
250,beta,-1,1,46.15693138843399
250,beta,-1,1,43.964488158362
250,beta,-1,1,34.63911836149979
250,beta,-1,1,33.45585241116347
250,beta,-1,1,44.13004905802026
250,beta,-1,1,34.377355003668356
250,beta,-1,1,50.02827652351241
250,beta,-1,1,41.482044500971696
250,beta,-1,1,51.92936399946331
250,beta,-1,1,31.177821086370873
250,beta,-1,1,44.12539577204708
250,beta,-1,1,36.85964699656612
250,beta,-1,1,52.51975975236073
250,beta,-1,1,30.681703075522528
250,beta,-1,1,44.68747225684721
250,beta,-1,1,45.34102641086753
250,beta,-1,1,46.321152989948054
250,beta,-1,1,42.65059346560212
250,beta,-1,1,36.82777002429246
250,beta,-1,1,31.42376102458855
250,beta,-1,1,39.21509336338733
250,beta,-1,1,51.184409081872026
250,beta,-1,1,39.93833325590988
250,beta,-1,1,40.727327000383895
250,beta,-1,1,41.394452317287296
250,beta,-1,1,42.9174604100764
250,beta,-1,1,47.903296989531206
250,beta,-1,1,38.66017618936931
250,beta,-1,1,44.288661038117226
250,beta,-1,1,36.90084810717583
250,beta,-1,1,43.882863443161035
250,beta,-1,1,54.16706768421567
250,beta,-1,1,40.257522499529564
250,beta,-1,1,42.78611118422337
250,beta,-1,1,49.89124855209042
250,beta,-1,1,40.695021775013394
250,beta,-1,1,48.10857680955292
250,beta,-1,1,45.064823728129326
250,beta,-1,1,43.85951071703656
250,beta,-1,1,44.76660719029898
250,beta,-1,1,40.5510632837882
250,beta,-1,1,37.8919414264354
250,beta,-1,1,43.659754821669665
250,beta,-1,1,36.111186168379255
250,beta,-1,1,35.208059101417504
250,beta,-1,1,46.75738438008966
250,beta,-1,1,38.010249338999515
250,beta,-1,1,47.49739116600787
250,beta,-1,1,37.03715242725305
250,beta,-1,1,43.08997564608388
250,beta,-1,1,35.944063960806105
250,beta,-1,1,50.350545220987115
250,beta,-1,1,44.545789292486184
250,beta,-1,1,46.92315389329954
250,beta,-1,1,33.64581320139929
250,beta,-1,1,41.86516802168917
250,beta,-1,1,35.98714913800818
250,beta,-1,1,53.303625730673076
250,beta,-1,1,42.49512390503825
250,beta,-1,1,48.78711534434964
250,beta,-1,1,34.577236030403235
250,beta,-1,1,46.441866955838904
250,beta,-1,1,40.3591170635142
250,beta,-1,1,45.44857519643209
250,beta,-1,1,38.288368031864316
250,beta,-1,1,47.13330809697809
250,beta,-1,1,47.44094219177505
250,beta,-1,1,40.62075171268033
250,beta,-1,1,39.36229547086704
250,beta,-1,1,42.861951353766635
250,beta,-1,1,30.104972563961425
250,beta,-1,1,39.616439861913975
250,beta,-1,1,38.41290005418689
250,beta,-1,1,44.77746015360725
250,beta,-1,1,42.34889168617315
250,beta,-1,1,34.31787026996503
250,beta,-1,1,34.10607552984233
250,beta,-1,1,45.48760040034256
250,beta,-1,1,58.46051706762749
250,beta,-1,1,33.86610196327382
250,beta,-1,1,64.82601113295556
250,beta,-1,1,41.21400030976842
250,beta,-1,1,35.9964303126021
250,beta,-1,1,57.927173767637
250,beta,-1,1,45.34477081313322
250,beta,-1,1,53.32985104764765
250,beta,-1,1,38.06142577373231
250,beta,-1,1,40.47637684208086
250,beta,-1,1,44.297074611248426
250,beta,-1,1,46.05868823044247
250,beta,-1,1,32.449360794467495
250,beta,-1,1,40.68025398664099
250,beta,-1,1,41.18277718738237
250,beta,-1,1,50.777604652644506
250,beta,-1,1,44.50744672273373
250,beta,-1,1,42.07088296214609
250,beta,-1,1,41.85710170170576
250,beta,-1,1,44.54677880306092
250,beta,-1,1,57.61409691898645
250,beta,-1,1,39.44512950158764
250,beta,-1,1,45.264223447442035
250,beta,-1,1,49.46772547930425
250,beta,-1,1,45.05418927571228
250,beta,-1,1,36.52995028574247
250,beta,-1,1,39.565720430844884
250,beta,-1,1,40.310670542569696
250,beta,-1,1,37.5530498341242
250,beta,-1,1,40.45035115870277
250,beta,-1,1,57.174291069161136
250,beta,-1,1,44.54581538208244
250,beta,-1,1,44.70571921164229
250,beta,-1,1,36.26103787445479
250,beta,-1,1,37.350132978295285
250,beta,-1,1,49.360444714666286
250,beta,-1,1,39.64128387227825
250,beta,-1,1,32.62801652276785
250,beta,-1,1,38.742508796957154
250,beta,-1,1,39.485821587766594
250,beta,-1,1,39.19350889499596
250,beta,-1,1,43.13239809095112
250,beta,-1,1,50.929445068274624
250,beta,-1,1,41.48447177940162
250,beta,-1,1,46.47288154664263
250,beta,-1,1,45.51233137587734
250,beta,-1,1,43.717752900382834
250,beta,-1,1,47.14475840358131
250,beta,-1,1,38.3582796251671
250,beta,-1,1,48.41183299064775
250,beta,-1,1,35.27081752997686
250,beta,-1,1,42.420526774090945
250,beta,-1,1,45.536791378772215
250,beta,-1,1,43.13142123308488
250,beta,-1,1,34.35307395147513
250,beta,-1,1,35.63301062710002
250,beta,-1,1,47.91658420884917
250,beta,-1,1,49.221784642224726
250,beta,-1,1,33.504087081696895
250,beta,-1,1,48.009545584174575
250,beta,-1,1,47.63762635940765
250,beta,-1,1,42.34725535862683
250,beta,-1,1,37.465737666625216
250,beta,-1,1,40.15775053011367
250,beta,-1,1,50.706340079436316
250,beta,-1,1,48.88437279527182
250,beta,-1,1,55.05111858101976
250,beta,-1,1,36.311471103868946
250,beta,-1,1,45.50237774019172
250,beta,-1,1,39.04758109810991
250,beta,-1,1,41.785726495114446
250,beta,-1,1,49.3296209519977
250,beta,-1,1,42.28471487540115
250,beta,-1,1,46.04921612639694
250,beta,-1,1,48.350090973246914
250,beta,-1,1,49.394381037039146
250,beta,-1,1,37.100074396896254
250,beta,-1,1,43.89422762062715
250,beta,-1,1,43.61217507616377
250,beta,-1,1,33.521040219260435
250,beta,-1,1,39.470433450675
250,beta,-1,1,40.47551505344989
250,beta,-1,1,45.23505947402063
250,beta,-1,1,41.97178275718826
250,beta,-1,1,44.746823289784864
250,beta,-1,1,46.48646910843024
250,beta,-1,1,43.91723596653832
250,beta,-1,1,32.34360258668559
250,beta,-1,1,31.96336871019214
250,beta,-1,1,40.26741511590982
250,beta,-1,1,42.88894487646445
250,beta,-1,1,47.06527309461467
250,beta,-1,1,36.74284552564467
250,beta,-1,1,42.174850155086766
250,beta,-1,1,38.14502104519672
250,beta,-1,1,38.32703735210668
250,beta,-1,1,36.49930478451335
250,beta,-1,1,40.661731210516
250,beta,-1,1,45.24953917125921
250,beta,-1,1,41.08168472047788
250,beta,-1,1,38.88377067525319
250,beta,-1,1,39.90563138841208
250,beta,-1,1,42.8622720000889
250,beta,-1,1,41.44460550687178
250,beta,-1,1,53.933212149803644
250,beta,-1,1,40.0377906336304
250,beta,-1,1,37.933871519190426
250,beta,-1,1,35.09550312774644
250,beta,-1,1,40.62220847629109
250,beta,-1,1,36.75937530117119
250,beta,-1,1,54.23509490871579
250,beta,-1,1,37.16380500613126
250,beta,-1,1,33.34601668068576
250,beta,-1,1,34.34212683845309
250,beta,-1,1,46.68917962593741
250,beta,-1,1,40.09090256948677
250,beta,-1,1,28.86216670073605
250,beta,-1,1,42.882703186731256
250,beta,-1,1,41.633594083786875
250,beta,-1,1,37.7034470924031
250,beta,-1,1,40.07001097087416
250,beta,-1,1,44.838661563178775
250,beta,-1,1,41.352708090291124
250,beta,-1,1,51.73437010386694
250,beta,-1,1,34.40242313878218
250,beta,-1,1,42.13753841778126
250,beta,-1,1,60.795660207225886
250,beta,-1,1,38.73867917844739
250,beta,-1,1,39.51557497516077
250,beta,-1,1,41.488923934816775
250,beta,-1,1,37.28263305625743
250,beta,-1,1,58.49820846908535
250,beta,-1,1,55.42047676386501
250,beta,-1,1,51.91369843012277
250,beta,-1,1,41.577368398507
250,beta,-1,1,52.13081766111816
250,beta,-1,1,52.0959483817108
250,beta,-1,1,40.84020282315244
250,beta,-1,1,40.42703173401012
250,beta,-1,1,38.82620257434458
250,beta,-1,1,42.97717209573136
250,beta,-1,1,44.24016591157498
250,beta,-1,1,37.386749234324405
250,beta,-1,1,37.39423859505264
250,beta,-1,1,50.34126066016867
250,beta,-1,1,40.37673958997312
250,beta,-1,1,51.996519093781394
250,beta,-1,1,40.282469989455926
250,beta,-1,1,37.39164632033852
250,beta,-1,1,36.754400794234186
250,beta,-1,1,41.82641244922191
250,beta,-1,1,44.69247788162243
250,beta,-1,1,32.88844873723907
250,beta,-1,1,50.98295773998964
250,beta,-1,1,43.28636497690576
250,beta,-1,1,40.00431193102814
250,beta,-1,1,44.424536845718436
250,beta,-1,1,41.92692624343413
250,beta,-1,1,43.53588938560469
250,beta,-1,1,29.834331610382563
250,beta,-1,1,38.34832377734869
250,beta,-1,1,36.86776062703984
250,beta,-1,1,49.94488821343277
250,beta,-1,1,44.22289946598537
250,beta,-1,1,37.72332455020111
250,beta,-1,1,37.948516531589156
250,beta,-1,1,47.231344501750606
250,beta,-1,1,42.93600412516379
250,beta,-1,1,39.33619609858355
250,beta,-1,1,34.02023561058667
250,beta,-1,1,36.51641037246443
250,beta,-1,1,40.4463568445684
250,beta,-1,1,39.64330591480371
250,beta,-1,1,46.34180759549654
250,beta,-1,1,35.6859868246787
250,beta,-1,1,38.61109907195955
250,beta,-1,1,45.9372946172929
250,beta,-1,1,39.3435802459625
250,beta,-1,1,60.651591385768036
250,beta,-1,1,36.69617891425776
250,beta,-1,1,47.46097360112745
250,beta,-1,1,40.436239705278716
250,beta,-1,1,41.02406734038292
250,beta,-1,1,46.93670449436691
250,beta,-1,1,53.5296080805394
250,beta,-1,1,51.62239265585702
250,beta,-1,1,44.22692582823592
250,beta,-1,1,33.283789079158495
250,beta,-1,1,35.80114707627837
250,beta,-1,1,51.72226680301015
250,beta,-1,1,27.191763026129177
250,beta,-1,1,36.80517737861728
250,beta,-1,1,40.34250173752307
250,beta,-1,1,36.73551488168174
250,beta,-1,1,36.930124777230155
250,beta,-1,1,37.192963026497644
250,beta,-1,1,39.155832479753606
250,beta,-1,1,49.9583759464995
250,beta,-1,1,42.75510248533718
250,beta,-1,1,39.5921512678472
250,beta,-1,1,37.14747019458316
250,beta,-1,1,49.12723260260144
250,beta,-1,1,47.25006133472099
250,beta,-1,1,58.36894341908958
250,beta,-1,1,49.10620666651962
250,beta,-1,1,40.74606923390738
250,beta,-1,1,44.59611933126142
250,beta,-1,1,40.68648110460452
250,beta,-1,1,42.407452497828174
250,beta,-1,1,38.777231376245915
250,beta,-1,1,41.35373063468491
250,beta,-1,1,49.433098496403936
250,beta,-1,1,31.550884472228176
250,beta,-1,1,41.53957199424302
250,beta,-1,1,40.83576336445538
250,beta,-1,1,44.400987411181255
250,beta,-1,1,39.164849150429106
250,beta,-1,1,34.41539608841615
250,beta,-1,1,47.56191766440819
250,beta,-1,1,43.33296536581136
250,beta,-1,1,34.94891144014629
250,beta,-1,1,41.868046208280575
250,beta,-1,1,54.052195102119406
250,beta,-1,1,37.720362027624
250,beta,-1,1,36.42492478941714
250,beta,-1,1,36.1811667056431
250,beta,-1,1,32.15875179990315
250,beta,-1,1,35.77910955195069
250,beta,-1,1,44.0798587386423
250,beta,-1,1,45.269966710753906
250,beta,-1,1,39.35198125878494
250,beta,-1,1,48.2384557144692
250,beta,-1,1,33.230189331475785
250,beta,-1,1,41.12081193039903
250,beta,-1,1,39.38199630861253
250,beta,-1,1,43.113409460107086
250,beta,-1,1,37.64341977435267
250,beta,-1,1,42.24304159840338
250,beta,-1,1,48.39691404953847
250,beta,-1,1,37.55291210612702
250,beta,-1,1,36.05170434511753
250,beta,-1,1,45.521868264681224
250,beta,-1,1,37.97034635074204
250,beta,-1,1,40.985235891421596
250,beta,-1,1,37.259988223522036
250,beta,-1,1,47.481117707611574
250,beta,-1,1,45.80291044250781
250,beta,-1,1,38.21175010061822
250,beta,-1,1,36.80982087204729
250,beta,-1,1,31.89558128683243
250,beta,-1,1,35.82933975170429
250,beta,-1,1,40.7999708706137
250,beta,-1,1,36.86899152178355
250,beta,-1,1,36.85137082475365
250,beta,-1,1,41.775384241198296
250,beta,-1,1,45.84643654404121
250,beta,-1,1,43.65945578503249
250,beta,-1,1,56.30569846808505
250,beta,-1,1,33.59897402836109
250,beta,-1,1,39.17476022155897
250,beta,-1,1,38.012650323784555
250,beta,-1,1,40.578071343400794
250,beta,-1,1,43.30367022682738
250,beta,-1,1,50.97195354519493
250,beta,-1,1,40.81911101556361
250,beta,-1,1,41.113454118396945
250,beta,-1,1,43.384957808674514
250,beta,-1,1,45.22318749704933
250,beta,-1,1,44.46149098846029
250,beta,-1,1,47.2662284493259
250,beta,-1,1,26.414215392616704
250,beta,-1,1,36.13660660997021
250,beta,-1,1,36.4339633403389
250,beta,-1,1,40.72778322420771
250,beta,-1,1,39.6603591913117
250,beta,-1,1,36.61032584502139
250,beta,-1,1,42.35147730673317
250,beta,-1,1,33.75795549158655
250,beta,-1,1,44.50139788747173
250,beta,-1,1,51.33078053179518
250,beta,-1,1,35.369715234936926
250,beta,-1,1,36.76731233199244
250,beta,-1,1,47.69194027623055
250,beta,-1,1,50.060523364012745
250,beta,-1,1,41.40860116846765
250,beta,-1,1,35.3442444607814
250,beta,-1,1,49.1931201424988
250,beta,-1,1,43.78340913353113
250,beta,-1,1,44.04977023553783
250,beta,-1,1,47.03680727959172
250,beta,-1,1,50.001218020132036
250,beta,-1,1,35.990289075120664
250,beta,-1,1,41.86870608859762
250,beta,-1,1,45.21891760188218
250,beta,-1,1,56.18496980659581
250,beta,-1,1,40.25782010201419
250,beta,-1,1,42.41240771581828
250,beta,-1,1,36.075097387723474
250,beta,-1,1,34.68836967953657
250,beta,-1,1,49.51151549630792
250,beta,-1,1,49.4785195177411
250,beta,-1,1,39.10957009415193
250,beta,-1,1,37.003437152787974
250,beta,-1,1,46.2304490000933
250,beta,-1,1,44.58667983290315
250,beta,-1,1,33.26530286028524
250,beta,-1,1,45.92294277683438
250,beta,-1,1,36.30280211848194
250,beta,-1,1,33.607159715643846
250,beta,-1,1,37.24642741965988
250,beta,-1,1,52.573998764289144
250,beta,-1,1,32.72848454524658
250,beta,-1,1,42.15383846162898
250,beta,-1,1,44.1371223121672
250,beta,-1,1,42.267117951543646
250,beta,-1,1,45.17027256172448
250,beta,-1,1,45.76789695329695
250,beta,-1,1,48.670894301092055
250,beta,-1,1,37.08185636090454
250,beta,-1,1,44.427569646555895
250,beta,-1,1,48.46102996391429
250,beta,-1,1,35.97487829346004
250,beta,-1,1,38.919507098037236
250,beta,-1,1,46.38473018202482
250,beta,-1,1,40.75916877689745
250,beta,-1,1,51.556140568825604
250,beta,-1,1,39.01871141998507
250,beta,-1,1,37.99205790021829
250,beta,-1,1,51.77317714409136
250,beta,-1,1,38.92746315004532
250,beta,-1,1,42.46008135051898
250,beta,-1,1,59.495812653534436
250,beta,-1,1,36.84873937216102
250,beta,-1,1,46.162676355872705
250,beta,-1,1,46.10936855208223
250,beta,-1,1,29.820212540593808
250,beta,-1,1,44.61695883491905
250,beta,-1,1,40.59702329140295
250,beta,-1,1,40.93122843797647
250,beta,-1,1,45.52613406152199
250,beta,-1,1,50.74344925956322
250,beta,-1,1,39.151429805358234
250,beta,-1,1,47.279676441539195
250,beta,-1,1,39.505128214522756
250,beta,-1,1,33.86535693554116
250,beta,-1,1,41.961254058207416
250,beta,-1,1,39.56667804041347
250,beta,-1,1,40.20094992389089
250,beta,-1,1,44.73676081966947
250,beta,-1,1,41.06734355318983
250,beta,-1,1,43.54872840518667
250,beta,-1,1,43.9185889928397
250,beta,-1,1,34.19645139568007
250,beta,-1,1,37.27888866533892
250,beta,-1,1,35.95474231671821
250,beta,-1,1,47.67914049547149
250,beta,-1,1,45.497500195190575
250,beta,-1,1,36.621709597609794
250,beta,-1,1,38.57415694316985
250,beta,-1,1,37.58251182074442
250,beta,-1,1,43.61718896050644
250,beta,-1,1,37.72923290580365
250,beta,-1,1,51.85760408680073
250,beta,-1,1,39.11583799788371
250,beta,-1,1,38.12737978991903
250,beta,-1,1,39.007370713409095
250,beta,-1,1,49.854039657605846
250,beta,-1,1,40.316977924564206
250,beta,-1,1,43.421510993114765
250,beta,-1,1,50.02455524027771
250,beta,-1,1,38.5550079459624
250,beta,-1,1,45.68040408345505
250,beta,-1,1,41.251058398403494
250,beta,-1,1,46.443432685299584
250,beta,-1,1,42.52622273685207
250,beta,-1,1,35.76196599504624
250,beta,-1,1,55.41425914765692
250,beta,-1,1,45.45598798023897
250,beta,-1,1,41.22310278547534
250,beta,-1,1,45.53708307640925
250,beta,-1,1,47.39566143365374
250,beta,-1,1,34.652848822665156
250,beta,-1,1,43.12401322635559
250,beta,-1,1,38.26437083509143
250,beta,-1,1,39.530879132649005
250,beta,-1,1,48.31205097739945
250,beta,-1,1,38.749727048879166
250,beta,-1,1,40.89805358423195
250,beta,-1,1,39.619160434084975
250,beta,-1,1,56.7572499050228
250,beta,-1,1,45.72144121979946
250,beta,-1,1,37.30138661609911
250,beta,-1,1,37.99619777665357
250,beta,-1,1,57.779674263767966
250,beta,-1,1,45.09270279119478
250,beta,-1,1,35.246308626872185
250,beta,-1,1,40.21632918410941
250,beta,-1,1,44.963263456705015
250,beta,-1,1,34.735143458036355
250,beta,-1,1,35.22851386253211
250,beta,-1,1,44.064630289844985
250,beta,-1,1,48.135538259538976
250,beta,-1,1,41.500377452402816
250,beta,-1,1,34.41750899307235
250,beta,-1,1,57.0268527846382
250,beta,-1,1,43.556889583102134
250,beta,-1,1,50.50791891540209
250,beta,-1,1,36.38286337157741
250,beta,-1,1,38.00312025124821
250,beta,-1,1,30.196492089959115
250,beta,-1,1,49.010036023087174
250,beta,-1,1,39.79452787461795
250,beta,-1,1,38.65907345697717
250,beta,-1,1,44.74234863830325
250,beta,-1,1,33.619072873133064
250,beta,-1,1,39.952443118536806
250,beta,-1,1,50.03147928971183
250,beta,-1,1,40.85185776283233
250,beta,-1,1,42.14272801116046
250,beta,-1,1,45.55114806144938
250,beta,-1,1,60.52667048262109
250,beta,-1,1,42.45175706515556
250,beta,-1,1,43.30839806866836
250,beta,-1,1,39.94719074929172
250,beta,-1,1,36.441588489537835
250,beta,-1,1,71.4679827090559
250,beta,-1,1,35.01939825991725
250,beta,-1,1,40.58189690081816
250,beta,-1,1,42.13591380565792
250,beta,-1,1,49.87645747136705
250,beta,-1,1,35.15436946827056
250,beta,-1,1,45.68264916354176
250,beta,-1,1,46.041193708367224
250,beta,-1,1,42.669263830914325
250,beta,-1,1,34.20501063022735
250,beta,-1,1,42.74171337692246
250,beta,-1,1,43.21124714451279
250,beta,-1,1,53.30076183448773
250,beta,-1,1,41.90122466446612
250,beta,-1,1,53.36427912007329
250,beta,-1,1,35.2270166578501
250,beta,-1,1,38.828276705003574
250,beta,-1,1,43.86352707314215
250,beta,-1,1,42.08359747564473
250,beta,-1,1,37.392978222569276
250,beta,-1,1,36.446881067005826
250,beta,-1,1,43.740757949962784
250,beta,-1,1,44.50487237926513
250,beta,-1,1,33.70251793226092
250,beta,-1,1,36.22298911924325
250,beta,-1,1,38.11833091803694
250,beta,-1,1,45.45372253749132
250,beta,-1,1,42.03028839401904
250,beta,-1,1,41.91197540135737
250,beta,-1,1,47.93886991346229
250,beta,-1,1,47.51248430880796
250,beta,-1,1,41.885908170838285
250,beta,-1,1,50.73593212693183
250,beta,-1,1,53.53711949309769
250,beta,-1,1,38.99725775593855
250,beta,-1,1,57.59171656792277
250,beta,-1,1,41.39303584612868
250,beta,-1,1,45.63104324885436
250,beta,-1,1,48.35347032121156
250,beta,-1,1,35.54259110707058
250,beta,-1,1,35.371957114542724
250,beta,-1,1,45.279077542263586
250,beta,-1,1,45.8481978222971
250,beta,-1,1,32.37828351737963
250,beta,-1,1,54.55439010781611
250,beta,-1,1,45.47216084214242
250,beta,-1,1,50.333712575287294
250,beta,-1,1,32.059834444571095
250,beta,-1,1,69.11907032000865
250,beta,-1,1,39.16314033094228
250,beta,-1,1,39.47798002230739
250,beta,-1,1,32.06640584609987
250,beta,-1,1,35.82227819669249
250,beta,-1,1,52.80786555272432
250,beta,-1,1,38.180846679138426
250,beta,-1,1,41.67228897823256
250,beta,-1,1,35.01839690550676
250,beta,-1,1,39.60431408290291
250,beta,-1,1,44.74590170932877
250,beta,-1,1,38.24022762497398
250,beta,-1,1,42.2583551851963
250,beta,-1,1,37.936192415810936
250,beta,-1,1,54.83966558924331
250,beta,-1,1,52.811215108894764
250,beta,-1,1,36.6252930175552
250,beta,-1,1,42.791948079891085
250,beta,-1,1,50.92768911204828
250,beta,-1,1,43.33703060236115
250,beta,-1,1,32.75445299280111
250,beta,-1,1,56.070931549650055
250,beta,-1,1,35.877987951886446
250,beta,-1,1,45.41990708618319
250,beta,-1,1,42.03017140409635
250,beta,-1,1,55.00838079177355
250,beta,-1,1,50.76514873030353
250,beta,-1,1,33.37744388943201
250,beta,-1,1,53.13790922572941
250,beta,-1,1,39.310216357850344
250,beta,-1,1,37.18156543728157
250,beta,-1,1,34.58666869337759
250,beta,-1,1,37.55575183529131
250,beta,-1,1,44.17543769800176
250,beta,-1,1,59.238500944170646
250,beta,-1,1,36.73963729670025
250,beta,-1,1,41.08690213418072
250,beta,-1,1,36.7783800683634
250,beta,-1,1,40.29939171337225
250,beta,-1,1,39.45702517373184
250,beta,-1,1,45.23963228566812
250,beta,-1,1,41.05249535768305
250,beta,-1,1,30.466524176400974
250,beta,-1,1,32.1663759981857
250,beta,-1,1,41.84485095999371
250,beta,-1,1,47.85986614205616
250,beta,-1,1,45.16417468821709
250,beta,-1,1,40.87495927797769
250,beta,-1,1,39.13689449953166
250,beta,-1,1,41.682937197030036
250,beta,-1,1,64.07212825269674
250,beta,-1,1,46.87971113365374
250,beta,-1,1,46.07320028206493
250,beta,-1,1,48.420616474025636
250,beta,-1,1,38.50423339853793
250,beta,-1,1,40.234296977846824
250,beta,-1,1,44.01394267472426
250,beta,-1,1,47.653265233185714
250,beta,-1,1,37.75445999414986
250,beta,-1,1,44.368618295907226
250,beta,-1,1,37.003483410968
250,beta,-1,1,62.42385451184445
250,beta,-1,1,29.181715382288697
250,beta,-1,1,45.062407476632174
250,beta,-1,1,42.24554049045483
250,beta,-1,1,53.05619926477019
250,beta,-1,1,39.29546387662122
250,beta,-1,1,54.29534779252054
250,beta,-1,1,33.89740458147459
250,beta,-1,1,39.99120597044083
250,beta,-1,1,32.53557032827411
250,beta,-1,1,43.494836685184914
250,beta,-1,1,39.11372120182926
250,beta,-1,1,44.247130582693
250,beta,-1,1,34.71922533728645
250,beta,-1,1,37.53659134678743
250,beta,-1,1,41.49716974154813
250,beta,-1,1,43.8951735315693
250,beta,-1,1,45.873267492386184
250,beta,-1,1,42.38174458416811
250,beta,-1,1,34.09854431793929
250,beta,-1,1,36.108885598366754
250,beta,-1,1,53.38704585816127
250,beta,-1,1,51.47081943625605
250,beta,-1,1,42.847928429846476
250,beta,-1,1,46.86944533615812
250,beta,-1,1,34.85419833176484
250,beta,-1,1,40.610403649615264
250,beta,-1,1,45.838884743514974
250,beta,-1,1,46.496862521223726
250,beta,-1,1,38.350007458944404
250,beta,-1,1,52.783179737388636
250,beta,-1,1,43.32467968475786
250,beta,-1,1,40.727215653166404
250,beta,-1,1,40.81747329966193
250,beta,-1,1,46.34953620309312
250,beta,-1,1,33.92372422345371
250,beta,-1,1,33.71526907459552
250,beta,-1,1,53.20965838633506
250,beta,-1,1,32.367998960677966
250,beta,-1,1,49.91790905685822
250,beta,-1,1,40.697905979096966
250,beta,-1,1,33.48443693176261
250,beta,-1,1,40.56302831684065
250,beta,-1,1,36.5907133416314
250,beta,-1,1,42.267561566508256
250,beta,-1,1,33.44342229259191
250,beta,-1,1,31.61619890840362
250,beta,-1,1,45.883063621484276
250,beta,-1,1,41.59166603050726
250,beta,-1,1,31.67492924963728
250,beta,-1,1,40.327922266030285
250,beta,-1,1,54.336653202383076
250,beta,-1,1,40.715886720211095
250,beta,-1,1,41.379536404831136
250,beta,-1,1,41.34960942186166
250,beta,-1,1,49.804826238612115
250,beta,-1,1,53.32900412064128
250,beta,-1,1,40.12825614103834
250,beta,-1,1,42.12833580540428
250,beta,-1,1,33.235896839314
250,beta,-1,1,36.46808279187894
250,beta,-1,1,38.85111803994466
250,beta,-1,1,38.781475823009124
250,beta,-1,1,43.02400399146994
250,beta,-1,1,59.02923649800684
250,beta,-1,1,36.827604952116936
250,beta,-1,1,43.08336957321645
250,beta,-1,1,45.90777768590352
250,beta,-1,1,39.996745719771674
250,beta,-1,1,37.17882220120466
250,beta,-1,1,40.2865988152163
250,beta,-1,1,43.45837540766492
250,beta,-1,1,34.29913982168205
250,beta,-1,1,34.52292663883938
250,beta,-1,1,37.23267799572791
250,beta,-1,1,41.593718727313856
250,beta,-1,1,41.497258176762436
250,beta,-1,1,40.46847132371071
250,beta,-1,1,42.12777710169236
250,beta,-1,1,31.775828049048805
250,beta,-1,1,36.26046848226056
250,beta,-1,1,32.21283305907868
250,beta,-1,1,38.994074056014426
250,beta,-1,1,47.10995883290962
250,beta,-1,1,32.98992876064807
250,beta,-1,1,37.59403940530881
250,beta,-1,1,35.29506455222243
250,beta,-1,1,48.7557697445487
250,beta,-1,1,33.3189495642197
250,beta,-1,1,43.38971461097082
250,beta,-1,1,40.51767179022145
250,beta,-1,1,33.46111306362114
250,beta,-1,1,41.203534596186614
250,beta,-1,1,53.41844119570385
250,beta,-1,1,42.55805590199885
250,beta,-1,1,49.93488247337826
250,beta,-1,1,44.6558005430155
250,beta,-1,1,43.52714456841314
250,beta,-1,1,44.186879486083704
250,beta,-1,1,42.601725217000784
250,beta,-1,1,32.71570683264655
250,beta,-1,1,48.25615444643273
250,beta,-1,1,32.01598879043977
250,beta,-1,1,40.45010750668924
250,beta,-1,1,48.4206618179081
250,beta,-1,1,39.3210903067791
250,beta,-1,1,43.61363566034516
250,beta,-1,1,43.828957466528294
250,beta,-1,1,35.25844931331096
250,beta,-1,1,38.87025480569814
250,beta,-1,1,46.51024298065555
250,beta,-1,1,42.42708933977419
250,beta,-1,1,50.35836450224327
250,beta,-1,1,52.17728813972774
250,beta,-1,1,44.72610371896345
250,beta,-1,1,41.53876789519849
250,beta,-1,1,42.511583480465
250,beta,-1,1,45.341753628963424
250,beta,-1,1,35.812210426348045
250,beta,-1,1,43.642911074886015
250,beta,-1,1,52.714057934232315
250,beta,-1,1,48.80148890538207
250,beta,-1,1,32.45426044511178
250,beta,-1,1,47.203005821706334
250,beta,-1,1,36.62828244268463
250,beta,-1,1,43.49361939984486
250,beta,-1,1,46.791191496124654
250,beta,-1,1,40.34277283622415
250,beta,-1,1,50.66824437837423
250,beta,-1,1,39.11788169928834
250,beta,-1,1,47.08029597178007
250,beta,-1,1,42.61581826606421
250,beta,-1,1,43.304601068832135
250,beta,-1,1,35.01745166953993
250,beta,-1,1,47.96026898550991
250,beta,-1,1,49.99465868662541
250,beta,-1,1,31.417403616097467
250,beta,-1,1,43.18400724066409
250,beta,-1,1,39.105867315280264
250,beta,-1,1,36.33113083939761
250,beta,-1,1,39.098535871962504
250,beta,-1,1,48.35337517213481
250,beta,-1,1,43.16859634192795
250,beta,-1,1,44.51542469131435
250,beta,-1,1,44.06133960420422
250,beta,-1,1,51.890510378775446
250,beta,-1,1,39.628573782029044
250,beta,-1,1,33.2468497832987
250,beta,-1,1,46.52490952580029
250,beta,-1,1,35.50121009843786
250,beta,-1,1,38.1599777409241
250,beta,-1,1,32.719046812672
250,beta,-1,1,39.282187456480884
250,beta,-1,1,39.5367570159288
250,beta,-1,1,40.39703173863189
250,beta,-1,1,39.547719119455294
250,beta,-1,1,49.31129979171457
250,beta,-1,1,37.52823006246599
250,beta,-1,1,50.57131808402076
250,beta,-1,1,38.404494318224316
250,beta,-1,1,45.404979116211386
250,beta,-1,1,40.89658713401806
250,beta,-1,1,44.333318162903325
250,beta,-1,1,44.258030905684095
250,beta,-1,1,40.076438984965904
250,beta,-1,1,41.38136153184515
250,beta,-1,1,37.433996834077064
250,beta,-1,1,49.43762766775489
250,beta,-1,1,32.735779339289905
250,beta,-1,1,40.31652696501695
250,beta,-1,1,36.877940402161684
250,beta,-1,1,51.73138102468257
250,beta,-1,1,39.461919342856625
250,beta,-1,1,33.84461581541815
250,beta,-1,1,35.77937490572471
250,beta,-1,1,44.457339807731344
250,beta,-1,1,45.66786461804057
250,beta,-1,1,34.0488781771251
250,beta,-1,1,40.97106934763957
250,beta,-1,1,36.41616314924119
250,beta,-1,1,40.106869172973596
250,beta,-1,1,38.2890089698163
250,beta,-1,1,38.25254049907403
250,beta,-1,1,36.966406107644765
250,beta,-1,1,39.15294103584271
250,beta,-1,1,45.99609205700879
250,beta,-1,1,44.86587128452745
250,beta,-1,1,48.74724842362606
250,beta,-1,1,42.05606333943607
250,beta,-1,1,40.85922567668515
250,beta,-1,1,53.08495295047404
250,beta,-1,1,44.56433056459926
250,beta,-1,1,59.09509319686588
250,beta,-1,1,42.32061528778269
250,beta,-1,1,42.43379369624393
250,beta,-1,1,42.64461235408555
250,beta,-1,1,53.003891237389595
250,beta,-1,1,45.40494379620893
250,beta,-1,1,43.41702480182462
250,beta,-1,1,50.69191837555168
250,beta,-1,1,42.375782704794425
250,beta,-1,1,48.2819355843472
250,beta,-1,1,37.335977296341575
250,beta,-1,1,41.87755530320312
250,beta,-1,1,49.15641402163819
250,beta,-1,1,44.243592961139505
250,beta,-1,1,42.0215463494604
250,beta,-1,1,50.38847806385702
250,beta,-1,1,42.06092642207075
250,beta,-1,1,47.4710166653936
250,beta,-1,1,43.28736861690508
250,beta,-1,1,46.6785563505561
250,beta,-1,1,35.990243022990136
250,beta,-1,1,41.20828526717369
250,beta,-1,1,49.348732606303784
250,beta,-1,1,47.23693880300992
250,beta,-1,1,41.90839257188857
250,beta,-1,1,37.028103636347595
250,beta,-1,1,43.65836439987616
250,beta,-1,1,35.61124702421054
250,beta,-1,1,34.24768791813189
250,beta,-1,1,44.54333913014192
250,beta,-1,1,59.97764064953386
250,beta,-1,1,37.32244398014738
250,beta,-1,1,38.1689565478514
250,beta,-1,1,36.108976158766055
250,beta,-1,1,37.67460156887629
250,beta,-1,1,32.220060538840464
250,beta,-1,1,50.45302144377273
250,beta,-1,1,35.99393568548302
250,beta,-1,1,36.851765316276754
250,beta,-1,1,54.015578862658835
250,beta,-1,1,43.70734486045102
250,beta,-1,1,32.73589828641248
250,beta,-1,1,44.94120238823793
250,beta,-1,1,44.78000455146118
250,beta,-1,1,40.52833137982655
250,beta,-1,1,48.45202776191817
250,beta,-1,1,35.85808889851939
250,beta,-1,1,35.33352715487452
250,beta,-1,1,42.276564755694885
250,beta,-1,1,41.37326907664858
250,beta,-1,1,39.44808366038504
250,beta,-1,1,37.4970587020508
250,beta,-1,1,38.37545393538846
250,beta,-1,1,46.39704325140527
250,beta,-1,1,37.271345277367374
250,beta,-1,1,44.606881354108445
250,beta,-1,1,39.207312548795684
250,beta,-1,1,52.44710502480386
250,beta,-1,1,33.73995092909184
250,beta,-1,1,48.09984566253493
250,beta,-1,1,43.95101184176915
250,beta,-1,1,43.47847436731422
250,beta,-1,1,44.76559627157398
250,beta,-1,1,60.45257730463198
250,beta,-1,1,39.19628850438769
250,beta,-1,1,44.18051486594882
250,beta,-1,1,46.37778214538648
250,beta,-1,1,36.45327004897026
250,beta,-1,1,32.54021241078733
250,beta,-1,1,48.89541196134081
250,beta,-1,1,44.2611138474408
250,beta,-1,1,37.844916262421044
